"frame","meanBase","meanPPAO","meanPPDP","meanComb","rawBase2","rawBase3","rawPPAO2","rawPPAO3","rawPPDP2","rawPPDP3","rawComb2","rawComb3"
0,83.52630233765,27.0111103058,12.1492385864,13.52313280105,85.4139328003,81.638671875,27.2536067963,26.7686138153,12.0761041641,12.2223730087,13.4448661804,13.6013994217
1,80.68921279905,26.6551914215,12.25881147385,13.37814760205,80.2093505859,81.1690750122,26.7352542877,26.5751285553,12.0047664642,12.5128564835,13.2241811752,13.5321140289
2,82.89966201785,26.36111450195,12.14667224885,13.52390289305,84.0764770508,81.7228469849,26.535610199,26.1866188049,12.1936321259,12.0997123718,13.7574186325,13.2903871536
3,82.31022644045,27.4183511734,13.38379335405,13.7720456123,83.5288696289,81.091583252,26.9220657349,27.9146366119,13.639377594,13.1282091141,13.7779474258,13.7661437988
4,81.5424461365,26.51662158965,12.5469856262,13.7209801674,81.4877853394,81.5971069336,26.3056869507,26.7275562286,12.4687194824,12.62525177,13.6588802338,13.783080101
5,81.8827133179,27.11555099485,12.10125255585,13.308093071,83.504234314,80.2611923218,26.5930919647,27.638010025,11.8908319473,12.3116731644,13.1092195511,13.5069665909
6,83.38516998295,27.88871860505,12.36299562455,13.75382614135,84.2088928223,82.5614471436,27.4157848358,28.3616523743,12.2464942932,12.4794969559,13.5711193085,13.9365329742
7,84.0990600586,27.56282424925,12.5623817444,13.6978845596,84.002571106,84.1955490112,27.5733451843,27.5523033142,12.6401348114,12.4846286774,13.6101236343,13.7856454849
8,84.83784103395,28.14173698425,12.8410615921,13.5682964325,86.3018035889,83.373878479,27.7334690094,28.5500049591,13.1246166229,12.5575065613,13.6111507416,13.5254421234
9,83.4503479004,28.28082084655,12.54955148695,13.61884880065,84.0621109009,82.8385848999,28.660861969,27.9007797241,12.4743642807,12.6247386932,13.7004508972,13.5372467041
10,85.56533432005,28.03729724885,12.4487037659,13.7030172348,86.7185440063,84.4121246338,27.9341392517,28.140455246,12.3850641251,12.5123434067,13.7091760635,13.6968584061
11,86.65490341185,29.1117258072,12.70018196105,14.0738196373,87.7691040039,85.5407028198,29.3834762573,28.8399753571,12.6806793213,12.7196846008,13.9642467499,14.1833925247
12,87.5389289856,28.22641849515,12.64834690095,14.03147888185,86.3182296753,88.7596282959,28.2395057678,28.2133312225,12.6113948822,12.6852989197,14.0135164261,14.0494413376
13,89.53689956665,28.56642913815,13.0276174545,13.91010236745,87.3036193848,91.7701797485,29.2351570129,27.8977012634,13.114865303,12.940369606,13.9929876328,13.8272171021
14,87.3249130249,28.0883626938,12.76638793945,14.15080308915,89.4365615845,85.2132644653,27.91771698,28.2590084076,12.6724681854,12.8603076935,14.1792869568,14.1223192215
15,88.9631195068,28.3506183624,12.96885347365,14.18980789185,89.5879669189,88.3382720947,28.5967082977,28.1045284271,13.113325119,12.8243818283,13.9827232361,14.3968925476
16,89.2002296448,29.5223035812,12.78152751925,14.13822889325,88.3244171143,90.0760421753,29.0129318237,30.0316753387,12.6996688843,12.8633861542,14.1525993347,14.1238584518
17,90.32444000245,29.78892230985,13.00169992445,14.44821453095,89.815322876,90.8335571289,29.2356700897,30.34217453,12.9526872635,13.0507125854,14.4045906067,14.4918384552
18,88.6888008118,28.45711231235,13.1192278862,14.2280430794,88.7796401978,88.5979614258,28.3185424805,28.5956821442,13.2590808868,12.9793748856,13.9288349152,14.5272512436
19,90.6380157471,28.59388542175,13.0999817848,14.2342019081,91.0901641846,90.1858673096,28.4668636322,28.7209072113,12.9942579269,13.2057056427,14.0735635757,14.3948402405
20,90.89976119995,28.9836769104,13.20416593555,14.19622325895,90.2633666992,91.5361557007,29.2130870819,28.7542667389,13.5192842484,12.8890476227,14.1782608032,14.2141857147
21,89.655708313,28.9803409576,12.9996471405,14.3535256386,89.9518356323,89.3595809937,29.5035705566,28.4571113586,13.2529220581,12.7463722229,14.1320705414,14.5749807358
22,92.97163391115,28.55590724945,13.3378601074,14.5570178032,96.2382888794,89.7049789429,28.4478740692,28.6639404297,13.3114290237,13.3642911911,14.3671255112,14.7469100952
23,90.26233673095,29.43351650235,13.22135829925,14.54033851625,89.9307937622,90.5938796997,29.0154972076,29.8515357971,13.3427352905,13.099981308,14.2429265976,14.8377504349
24,91.49021911625,28.7514448166,13.47976589205,14.5038995743,91.0562896729,91.9241485596,28.8209857941,28.6819038391,13.3011646271,13.658367157,14.5847320557,14.4230670929
25,91.45301055905,29.5897922516,13.1818404198,14.60603046415,91.5258865356,91.3801345825,29.3311290741,29.8484554291,13.2447099686,13.118970871,14.6709527969,14.5411081314
26,95.65013885495,29.162279129,13.34427547455,14.83056497575,93.4427719116,97.8575057983,28.7907066345,29.5338516235,13.2087850571,13.479765892,14.480547905,15.1805820465
27,94.09533309935,29.27672672275,13.58908176425,14.81953048705,92.9203109741,95.2703552246,29.2449073792,29.3085460663,13.6542606354,13.5239028931,14.7079048157,14.9311561584
28,95.34323120115,30.13098526,13.46154642105,14.9563040733,97.3391494751,93.3473129272,30.275970459,29.986000061,13.2965459824,13.6265468597,14.7987451553,15.1138629913
29,93.86951828,30.04065704345,13.8054051399,15.09872341155,94.1653900146,93.5736465454,30.6516475677,29.4296665192,13.7091760635,13.9016342163,15.1302862167,15.0671606064
30,97.1854400635,30.36090755465,14.4810614586,15.30503845215,99.1154098511,95.2554702759,30.5084590912,30.2133560181,14.512881279,14.4492416382,15.0379066467,15.5721702576
31,97.79822540285,30.67345905305,13.9709191322,15.09179496765,95.8990478516,99.6974029541,29.808423996,31.5384941101,13.8513383865,14.0904998779,14.8418560028,15.3417339325
32,94.85464477535,29.4971561432,13.92806482315,15.3306994438,94.8028106689,94.9064788818,29.3244571686,29.6698551178,14.0063314438,13.8497982025,15.0117321014,15.6496667862
33,96.5033721924,30.53796958925,14.0971713066,14.9924864769,95.2123641968,97.794380188,30.3447418213,30.7311973572,14.2809047699,13.9134378433,14.9321832657,15.0527896881
34,98.1495285032,30.4987077713,14.21315956115,15.5762758255,100.329177856,95.9698791504,30.6819286346,30.315486908,14.1248855591,14.3014335632,15.5634450912,15.5891065598
35,97.58626556395,30.31754016875,14.3504462242,15.4012675285,97.4541091919,97.718421936,29.9675235748,30.6675567627,14.5174999237,14.1833925247,15.3550777435,15.4474573135
36,98.58807754515,30.5459241867,14.12488555905,15.7068915367,99.5685882568,97.6075668335,31.1361293793,29.9557189941,14.0576534271,14.192117691,15.3170995712,16.0966835022
37,98.5121192932,30.81972789765,14.64169979095,15.5926990509,97.8734130859,99.1508255005,30.1456108093,31.493844986,14.7392120361,14.5441875458,15.6352968216,15.5501012802
38,99.51957321165,31.2780351639,14.93911123275,15.71407604215,99.8554763794,99.1836700439,31.2988204956,31.2572498322,15.0497102737,14.8285121918,15.5778160095,15.8503360748
39,100.0499877928,31.1140604019,14.59037733075,15.8459739685,100.541137695,99.5588378906,30.5977592468,31.630361557,14.5405950546,14.6401596069,15.7297296524,15.9622182846
40,101.125957489,31.01911449435,14.40997982025,15.88061666485,100.430801392,101.821113586,31.0345115662,31.0037174225,14.6565828323,14.1633768082,15.6845655441,16.0766677856
41,101.4626312255,30.7589111328,14.7869410515,15.93116855625,100.84753418,102.077728271,31.1443405151,30.3734817505,14.8167076111,14.7571744919,15.5506153107,16.3117218018
42,104.132663727,31.4899950027,14.37662029265,15.73306560515,105.982826233,102.282501221,31.5302829742,31.4497070312,14.2614021301,14.4918384552,15.8313474655,15.6347837448
43,103.652545929,32.260597229,14.82799863815,16.1849565506,102.092094421,105.212997437,32.0850753784,32.4361190796,14.9208917618,14.7351055145,16.1834163666,16.1864967346
44,104.4601020815,31.52181529995,14.9478359222,16.31454467775,102.855773926,106.064430237,32.2421226501,30.8015079498,14.7489624023,15.1467094421,16.2301197052,16.3989696503
45,102.135463715,32.1017551422,15.1703176498,16.10258483885,101.899124146,102.371803284,32.1718101501,32.0317001343,15.1302862167,15.2103490829,16.0150814056,16.1900882721
46,104.02848053,33.4995136261,14.9760632515,16.67867565155,104.889152527,103.167808533,34.0378837585,32.9611434937,15.2206134796,14.7315130234,16.9316940308,16.4256572723
47,105.2614974975,33.49848747255,14.86084508895,16.550113678,105.612800598,104.910194397,32.3637542725,34.6332206726,15.0522766113,14.6694135666,16.4651756287,16.6350517273
48,105.3425827025,33.05737495425,15.3137631416,16.4397716522,106.161941528,104.523223877,33.2008209229,32.9139289856,15.7415332794,14.8859930038,16.3065910339,16.5729522705
49,105.424957275,34.43460464475,15.7310123444,16.93862342835,105.056976318,105.792938232,35.1207809448,33.7484283447,15.9678640366,15.4941606522,16.5293292999,17.3479175568
50,106.649246216,34.61320495605,15.552924633,17.006111145,107.721107483,105.577384949,33.9408836365,35.2855262756,15.8123579025,15.2934913635,16.8896102905,17.1226119995
51,107.087024689,34.7574214935,15.5670380592,16.90962600705,107.20942688,106.964622498,35.0715141296,34.4433288574,15.7174119949,15.4166641235,16.8377742767,16.9814777374
52,109.005191803,33.9940032959,15.34019422535,17.2437334061,109.522003174,108.488380432,34.1138420105,33.8741645813,15.3853578568,15.2950305939,17.111322403,17.3761444092
53,108.846092224,35.1846790314,15.7235708237,17.05486774445,108.633621216,109.058563232,35.5210952759,34.8482627869,15.7969617844,15.650179863,17.2452735901,16.8644618988
54,109.160697937,34.40894317625,15.8031196594,17.3312368393,108.87021637,109.451179504,33.7391891479,35.0786972046,15.5926990509,16.0135402679,17.1210727692,17.5414009094
55,111.2551574705,35.396894455,15.8339133263,17.3204603195,111.661628723,110.848686218,35.3784179688,35.4153709412,15.7328090668,15.9350175858,17.1241531372,17.5167675018
56,111.97700119,36.20393562315,15.67558431625,17.51805019375,111.780693054,112.173309326,36.285282135,36.1225891113,15.7985010147,15.5526676178,17.3268756866,17.7092247009
57,112.858974457,36.6006565094,16.02354860305,17.45851612095,112.865135193,112.852813721,35.3517303467,37.8495826721,16.2224216461,15.82467556,17.1800937653,17.7369384766
58,115.760471344,35.6211719513,16.05639505385,17.71589756015,117.709945679,113.810997009,36.3068351746,34.935508728,16.4708213806,15.6419687271,17.5157413483,17.916053772
59,115.6855392455,35.19725227355,16.1852135658,18.09208774565,114.669616699,116.701461792,35.0022277832,35.3922767639,15.9868535995,16.3835735321,17.9063014984,18.2778739929
60,117.1741371155,35.3558368683,16.2491092682,17.7141008377,116.692222595,117.656051636,34.7841072083,35.9275665283,16.1562156677,16.3420028687,17.6717605591,17.7564411163
61,116.433559418,35.52827835085,16.36740684505,17.97045516965,116.989379883,115.877738953,35.6093673706,35.4471893311,16.6406974792,16.0941162109,17.8293190002,18.1115913391
62,118.241897583,34.05584716795,16.4210395813,17.98610782625,116.708137512,119.775657654,34.3124580383,33.7992362976,16.462097168,16.3799819946,17.9139995575,18.058216095
63,117.5095291135,36.08307266235,16.2999191284,18.1996078491,117.414840698,117.604217529,36.2652664185,35.9008789062,16.3065910339,16.2932472229,18.1069717407,18.2922439575
64,119.406398773,36.04817390445,16.56012248995,18.43902683255,119.519050598,119.293746948,36.2765579224,35.8197898865,16.5565299988,16.5637149811,18.4903488159,18.3877048492
65,120.656349182,35.54213523865,16.53394699095,18.04666805265,121.050506592,120.262191772,35.7494773865,35.3347930908,16.7500133514,16.3178806305,18.1870346069,17.9063014984
66,120.290420532,36.1095046997,16.7790107727,18.6212205887,120.631713867,119.949127197,35.8223571777,36.3966522217,17.0471687317,16.5108528137,18.6987171173,18.5437240601
67,122.3122558595,36.75641822815,17.1490440369,18.62712192535,123.620201111,121.004310608,36.5449714661,36.9678649902,17.4423503876,16.8557376862,18.6976890564,18.5565547943
68,122.015613556,35.7392139435,17.06436252595,18.74978160855,122.517288208,121.513938904,35.5021057129,35.9763221741,17.03074646,17.0979785919,18.4995861053,18.9999771118
69,121.7587471005,36.31838417055,17.4282360077,18.57528591155,122.125701904,121.391792297,36.1343955994,36.5023727417,17.2108860016,17.6455860138,18.5072841644,18.6432876587
70,123.020248413,37.4495239258,17.14083194735,18.83651638035,122.709236145,123.331260681,37.746421814,37.1526260376,17.325334549,16.9563293457,18.5837554932,19.0892772675
71,123.971248627,37.9981575012,17.2242307663,19.0310277939,124.340766907,123.601730347,38.1708564758,37.8254585266,17.422334671,17.0261268616,18.7726211548,19.289434433
72,124.8411598205,36.792345047,17.2337255478,18.9648208618,125.103416443,124.578903198,36.5973205566,36.9873695374,17.1667499542,17.3007011414,18.8937397003,19.0359020233
73,126.1270370485,37.76746368405,17.207036972,19.01768302915,126.074432373,126.179641724,37.8896102905,37.6453170776,17.4274654388,16.9866085052,18.9122161865,19.1231498718
74,126.8653030395,37.3343067169,17.37357902525,19.236828804,127.404701233,126.325904846,37.4282264709,37.2403869629,17.3463783264,17.4007797241,18.8501167297,19.6235408783
75,128.1555442815,37.45850753785,17.99021434785,19.2504301071,127.915870667,128.395217896,37.7751655579,37.1418495178,17.7728652954,18.2075634003,19.118019104,19.3828411102
76,128.6277084355,37.33404922485,17.83008861545,19.4659824371,128.752929688,128.502487183,37.280418396,37.3876800537,17.7959594727,17.8642177582,19.2109107971,19.7210540771
77,129.956176758,37.58552742005,17.84625530245,19.9181308746,130.073959351,129.838394165,37.9496574402,37.2213973999,17.693315506,17.9991950989,19.9396858215,19.8965759277
78,130.115020752,38.24912452695,17.86652755735,19.4564886093,129.853790283,130.376251221,38.6291656494,37.8690834045,17.8231601715,17.9098949432,19.3813018799,19.5316753387
79,131.614654541,38.10439491275,17.72282600405,19.87476348875,131.856384277,131.372924805,37.0977096558,39.1110801697,17.5778408051,17.867811203,19.8786125183,19.8709144592
80,132.706542969,37.7962055206,18.08079719545,20.0251379013,133.00138855,132.411697388,37.7587394714,37.8336715698,18.130065918,18.0315284729,20.1388168335,19.9114589691
81,134.7642974855,38.4908504486,18.228348732,20.16730022435,135.25340271,134.275192261,38.8596000671,38.1221008301,18.3676891327,18.0890083313,20.0782566071,20.2563438416
82,135.7884368895,38.64635849,18.1893444061,20.27712917325,136.236221313,135.340652466,38.3001899719,38.9925270081,18.246055603,18.1326332092,20.4416160583,20.1126422882
83,137.235977173,38.46236801145,18.4367170334,20.42698955535,136.9634552,137.508499146,38.6086349487,38.3161010742,18.5237083435,18.3497257233,20.2455654144,20.6084136963
84,138.415611267,39.3397216797,18.71565246585,20.6504983902,139.043533325,137.787689209,39.9312095642,38.7482337952,18.5724639893,18.8588409424,20.6176528931,20.6833438873
85,139.3224716185,39.60787773135,18.41464805605,20.83833789825,138.893676758,139.751266479,39.4852180481,39.7305374146,18.3230381012,18.5062580109,20.4636859894,21.2129898071
86,141.65070343,41.4872970581,18.92812633515,21.1709051132,140.579101562,142.722305298,42.2935676575,40.6810264587,18.8963069916,18.9599456787,21.0990543365,21.2427558899
87,141.8280181885,40.3189468384,19.19987773895,21.0723657608,141.613235474,142.042800903,40.2201499939,40.4177436829,18.8891220093,19.5106334686,20.9399547577,21.2047767639
88,142.977897644,40.20064926145,19.34742832185,21.3561782837,142.98097229,142.974822998,40.239654541,40.1616439819,19.568113327,19.1267433167,21.1606407166,21.5517158508
89,144.4457092285,40.62841796875,19.1449623108,21.47113990785,144.49446106,144.396957397,41.3687400818,39.8880958557,19.3633384705,18.9265861511,21.2802219391,21.6620578766
90,146.975379944,40.10672950745,19.5912094116,21.5401678085,147.204788208,146.74597168,40.3638534546,39.8496055603,19.5229511261,19.6594676971,21.3618240356,21.7185115814
91,147.5173416135,41.48703956605,19.4192790985,21.71646022795,147.274581909,147.760101318,40.8770751953,42.0970039368,19.568113327,19.27044487,21.5234889984,21.9094314575
92,149.000038147,41.146774292,19.68435764315,22.11292266845,148.96975708,149.030319214,40.9330177307,41.3605308533,19.745174408,19.6235408783,22.1029148102,22.1229305267
93,150.047531128,42.39800643925,20.2696876526,21.6405029297,149.887405396,150.20765686,42.4531784058,42.3428344727,20.174741745,20.3646335602,21.5311870575,21.7498188019
94,151.1170806885,41.82294273375,20.00691890715,21.9787158966,151.476333618,150.757827759,41.8208885193,41.8249969482,20.1054573059,19.9083805084,22.1834907532,21.77394104
95,151.8278884885,42.68695259095,20.13086128235,22.32231807705,151.848419189,151.807357788,42.209400177,43.1645050049,20.440076828,19.8216457367,22.2738189697,22.3708171844
96,153.0293426515,42.37773513795,19.69333934785,22.424448967,153.728866577,152.329818726,42.5866165161,42.1688537598,19.5198707581,19.8668079376,22.2230091095,22.6258888245
97,152.983657837,42.3548965454,20.70156383515,22.31590271,153.079116821,152.888198853,42.6502571106,42.0595359802,20.4585533142,20.9445743561,22.1003494263,22.5314559937
98,154.439163208,43.302816391,20.2894458771,22.88891410825,154.382705688,154.495620728,42.3838920593,44.2217407227,20.1572914124,20.4216003418,22.6248607635,23.152967453
99,155.624702454,44.0274848938,20.89273834225,23.10010528565,155.649337769,155.600067139,44.3356742859,43.7192955017,21.0954608917,20.6900157928,22.8152675629,23.3849430084
100,104.4929466245,14.08228826525,11.6788711548,12.8631300926,104.469337463,104.516555786,13.7835931778,14.3809833527,11.8040971756,11.553645134,12.6514263153,13.0748338699
101,105.613822937,14.04148674015,11.87748765945,13.5611114502,105.455749512,105.771896362,13.9904212952,14.0925521851,11.8903179169,11.864657402,13.5475111008,13.5747117996
102,106.792694092,14.385345459,11.7802324295,13.2239251137,106.676704407,106.908683777,14.1957101822,14.5749807358,11.8959636688,11.6645011902,13.0430145264,13.404835701
103,108.379829407,14.4766988754,12.0260653496,13.4412741661,108.449371338,108.310287476,14.4292259216,14.5241718292,12.2305841446,11.8215465546,13.2939796448,13.5885686874
104,109.2718086245,14.0489282608,12.08482933045,13.3768649101,109.437324524,109.106292725,13.9000940323,14.1977624893,12.0909881592,12.0786705017,13.3283653259,13.4253644943
105,110.4219398495,14.27294969555,12.3350248337,13.46565198895,110.399101257,110.444778442,14.1023035049,14.4435958862,12.3799314499,12.2901182175,13.4233112335,13.5079927444
106,111.460186005,14.16106748585,12.3132133484,13.95295619965,111.252586365,111.667785645,14.1561918259,14.1659431458,12.4856557846,12.1407709122,14.0130033493,13.89290905
107,112.6916618345,14.48311376575,12.5362076759,13.9693789482,112.534614563,112.848709106,14.4097232819,14.5565042496,12.575469017,12.4969463348,13.8364543915,14.1023035049
108,113.6862869265,15.02584552765,12.36299562455,13.8988113403,113.641120911,113.731452942,14.9003629684,15.1513280869,12.233663559,12.4923276901,13.8374814987,13.9601411819
109,114.462791443,15.2116322517,12.6701583862,14.35891389845,114.540802002,114.384780884,15.1559476852,15.2673168182,12.8053922653,12.5349245071,13.9888811111,14.7289466858
110,115.7784347535,15.3717575073,12.59214925765,14.35532188415,115.951133728,115.605735779,15.2467880249,15.4967269897,12.7797317505,12.4045667648,14.1633768082,14.5472669601
111,117.7620391845,15.62246608735,12.9685969353,14.39612293245,117.623725891,117.900352478,15.5413770676,15.7035551071,12.7966680527,13.1405258179,14.238820076,14.5534257889
112,118.5721588135,15.61451101305,12.99682426455,14.66967010495,118.324272156,118.820045471,15.6743011475,15.5547208786,12.9336977005,13.0599508286,14.5595836639,14.779756546
113,119.694828033,15.65043640135,13.0668792725,14.69533109665,119.734092712,119.655563354,15.725110054,15.5757627487,13.1615686417,12.9721899033,14.4831142426,14.9075479507
114,120.5185508725,16.07615423205,13.11050271985,14.7843747139,120.696380615,120.34072113,15.9745359421,16.177772522,13.0040092468,13.2169961929,14.647857666,14.9208917618
115,121.4000053405,15.85495567325,13.12872219085,14.7877111435,121.238342285,121.561668396,15.9765892029,15.7333221436,13.1246166229,13.1328277588,14.6596622467,14.9157600403
116,122.556037903,16.09745311735,13.24111795425,14.9881243706,122.574256897,122.537818909,15.9832611084,16.2116451263,13.2354726791,13.2467632294,14.8711099625,15.1051387787
117,123.435955048,16.35406303405,13.57265853885,15.0461177826,123.629440308,123.242469788,16.3502140045,16.3579120636,13.5690660477,13.57625103,14.9414205551,15.1508150101
118,124.8996658325,16.1736655235,13.5444316864,15.2052168846,124.621498108,125.177833557,16.3928108215,15.9545202255,13.6178226471,13.4710407257,15.0928211212,15.317612648
119,125.8355255125,15.91166591645,13.78744220735,15.2334442139,125.795753479,125.875297546,15.619386673,16.2039451599,13.8554439545,13.7194404602,15.1292600632,15.3376283646
120,127.556869507,16.5921983719,14.00248193745,15.6222090721,127.391357422,127.722381592,16.4949436188,16.689453125,13.9452581406,14.0597057343,15.5054512024,15.7389669418
121,128.768585205,16.68021583555,13.97784757615,15.6796898842,128.585113525,128.952056885,16.4815998077,16.8788318634,13.942691803,14.0130033493,15.5937252045,15.7656545639
122,129.876373291,16.7171678543,14.2637119293,15.7025284767,129.869186401,129.883560181,16.7048511505,16.7294845581,14.2121334076,14.315290451,15.7102270126,15.6948299408
123,131.386528015,17.24424648285,14.14156484605,15.91243600845,131.398590088,131.374465942,17.2755527496,17.2129402161,14.1105146408,14.1726150513,15.8908805847,15.9339914322
124,133.1037750245,17.03639125825,14.3045129776,16.2062549591,132.86076355,133.346786499,17.1564846039,16.9162979126,14.3655862808,14.2434396744,16.1613483429,16.2511615753
125,135.381698608,17.6109428406,14.3822655678,16.34328556065,135.376052856,135.38734436,17.6137657166,17.6081199646,14.4954309464,14.2691001892,16.1854705811,16.5011005402
126,136.279586792,17.44157981875,14.5821657181,16.25757789615,136.242889404,136.31628418,17.3792228699,17.5039367676,14.4795217514,14.6848096848,16.0792331696,16.4359226227
127,137.3552932735,17.35715484615,14.6540169716,16.5347166061,137.520294189,137.190292358,17.3915405273,17.322769165,14.7161169052,14.591917038,16.4944286346,16.5750045776
128,138.6098709105,17.4939289093,14.78283548355,16.63197231295,138.695068359,138.524673462,17.4772491455,17.5106086731,14.5795993805,14.9860715866,16.6971511841,16.5667934418
129,140.721008301,17.86960601805,15.0307216644,16.93733978275,140.815185547,140.626831055,17.8118686676,17.9273433685,15.0851230621,14.9763202667,16.7017707825,17.172908783
130,142.652252197,18.22373008725,15.30272865295,17.09310245515,142.643783569,142.660720825,18.3153400421,18.1321201324,15.5290594101,15.0763978958,16.9676189423,17.218585968
131,144.3751449585,18.59709835055,15.36020994185,17.4541540146,144.494979858,144.255310059,18.4770050049,18.7171916962,15.4094791412,15.3109407425,17.4284934998,17.4798145294
132,145.9794692995,18.69538021085,15.4921078682,17.5088119507,146.019760132,145.939178467,18.6140346527,18.776725769,15.5141763687,15.4700393677,17.2673416138,17.7502822876
133,147.3022994995,18.52088451385,15.65120649335,17.80750656125,147.564559937,147.040039062,18.3728199005,18.6689491272,15.6157941818,15.6866188049,17.687669754,17.9273433685
134,148.707244873,19.05591869355,15.8346834183,17.98277187345,148.877380371,148.537109375,19.2170696259,18.8947677612,16.0217533112,15.6476135254,17.9930362701,17.9725074768
135,150.0064620975,19.1234073639,15.9966044426,18.24143600465,150.229202271,149.783721924,19.0708026886,19.1760120392,15.9806947708,16.0125141144,17.9304237366,18.5524482727
136,151.99546051,19.45109844205,16.19291210175,18.38385486605,151.746292114,152.244628906,19.2724971771,19.629699707,16.0853919983,16.3004322052,18.2547798157,18.5129299164
137,153.864868164,19.1929483414,16.21882915495,18.27659130095,153.731430054,153.998306274,18.9065704346,19.4793262482,16.1136188507,16.3240394592,18.1901130676,18.3630695343
138,155.494598389,19.67409420015,16.2914505005,18.59401893615,155.465087891,155.524108887,19.6245689392,19.7236194611,16.1736660004,16.4092350006,18.5144691467,18.6735687256
139,157.145378113,19.6345758438,16.56499767305,18.6951236725,157.130493164,157.160263062,19.7487678528,19.5203838348,16.7382106781,16.391784668,18.7423400879,18.6479072571
140,158.8269500735,19.6776866913,16.84649944305,18.824968338,158.609603882,159.044296265,19.8103542328,19.5450191498,16.8377742767,16.8552246094,18.6545791626,18.9953575134
141,160.911140442,20.41287708285,16.7764453888,19.19885158535,160.936035156,160.886245728,20.3143386841,20.5114154816,16.7936382294,16.7592525482,19.0769615173,19.3207416534
142,163.1498184205,20.7575054169,17.1659793854,19.3294658661,163.081298828,163.218338013,20.6941223145,20.8208885193,17.054353714,17.2776050568,19.0749073029,19.5840244293
143,164.442367554,20.6664085388,17.2950553894,19.4123506546,164.544494629,164.340240479,20.6186790466,20.714138031,17.1405754089,17.4495353699,19.1888427734,19.6358585358
144,166.075180054,20.9012069702,17.43670463565,19.72592926025,166.089294434,166.061065674,20.9609966278,20.8414173126,17.6676540375,17.2057552338,19.6373977661,19.8144607544
145,167.5052719115,20.86605072025,17.57886695865,19.7734031677,167.281509399,167.729034424,20.5950698853,21.1370315552,17.5516662598,17.6060676575,19.7400436401,19.8067626953
146,169.340805054,21.0621013641,17.6291618347,19.96971035005,169.315917969,169.365692139,20.9127540588,21.2114486694,17.8308582306,17.4274654388,20.0582408905,19.8811798096
147,170.238685608,21.68900203705,17.63018894195,20.26840400695,170.523010254,169.954360962,21.6543598175,21.7236442566,17.6332683563,17.6271095276,19.9540557861,20.5827522278
148,171.9613113405,21.5853309631,17.94017505645,20.5239896774,171.919998169,172.002624512,21.623052597,21.5476093292,17.8154621124,18.0648880005,20.083902359,20.9640769958
149,173.584640503,21.965628624,18.3137998581,20.43366146085,173.843048096,173.32623291,21.8375797272,22.0936775208,18.6068496704,18.0207500458,20.3805427551,20.4867801666
150,175.266975403,22.00360679625,18.06437397005,20.7190132141,175.477142334,175.056808472,21.9314994812,22.0757141113,17.9329891205,18.1957588196,20.4334049225,21.0046215057
151,176.7948379515,22.1511583328,18.1487998962,20.75776100155,177.001922607,176.587753296,22.2984523773,22.0038642883,18.1798496246,18.1177501678,20.5262985229,20.9892234802
152,178.6660461425,22.36414527895,18.4328670502,20.96484661105,178.594451904,178.737640381,22.2681732178,22.4601173401,18.5088233948,18.3569107056,20.8691310883,21.0605621338
153,180.501068115,22.25508499145,18.49702072145,21.11855602265,180.787445068,180.214691162,22.2599601746,22.2502098083,18.5319194794,18.4621219635,21.0184783936,21.2186336517
154,183.261177063,22.3903198242,18.5781097412,21.11291122435,183.076934814,183.445419312,22.2763843536,22.5042552948,18.6515007019,18.5047187805,21.1324138641,21.0934085846
155,184.50214386,22.62819767,18.68383312225,21.1403684616,184.271194458,184.733093262,22.7080039978,22.5483913422,18.7685146332,18.5991516113,21.0995674133,21.1811695099
156,184.3389358525,22.80500221255,18.91093349455,21.32872009275,184.599136353,184.078735352,22.7706165314,22.8393878937,18.8434448242,18.9784221649,21.2376232147,21.4198169708
157,186.256851196,22.95819854735,18.9550704956,21.4408597946,186.364624023,186.149078369,22.9399795532,22.9764175415,19.1118602753,18.7982807159,21.2894592285,21.5922603607
158,187.7821426395,22.8142404556,18.98458099365,21.66282844545,188.04234314,187.521942139,22.881986618,22.7464942932,18.90092659,19.0682353973,21.6256198883,21.7000370026
159,189.480911255,23.28050231935,19.2114248276,21.9402246475,189.796539307,189.165283203,23.4044456482,23.1565589905,19.176525116,19.2463245392,21.9166164398,21.9638328552
160,191.3202972415,23.48630428315,19.5250034332,21.99154663085,191.296691895,191.343902588,23.4999046326,23.4727039337,19.4890785217,19.5609283447,21.8288555145,22.1542377472
161,192.72215271,23.603061676,19.6681919098,22.1118965149,192.366744995,193.077560425,23.4070110321,23.7991123199,19.625082016,19.7113018036,21.8406581879,22.3831348419
162,194.2882537845,23.89611148835,19.82292842865,22.5897054672,194.609024048,193.967483521,23.7457370758,24.0464859009,19.8380680084,19.8077888489,22.5022010803,22.6772098541
163,196.500236511,23.95923805235,19.7572364807,22.6661758423,196.471496582,196.52897644,23.9864387512,23.9320373535,19.6856422424,19.828830719,22.6068992615,22.7254524231
164,197.919807434,24.1547756195,19.90170764925,22.6584777832,197.825378418,198.01423645,24.0670146942,24.2425365448,19.8796386719,19.9237766266,22.4914245605,22.8255310059
165,198.7730407715,24.2325286865,20.15703582765,23.09086704255,199.136138916,198.409942627,24.3174667358,24.1475906372,20.1536998749,20.1603717804,22.9702606201,23.211473465
166,200.860824585,24.4752817154,20.40569114685,23.07110786435,200.7943573,200.92729187,24.4139518738,24.536611557,20.2994537354,20.5119285583,22.8424682617,23.299747467
167,202.811325073,24.78809070585,20.6551170349,23.31642723085,202.447967529,203.174682617,24.6644039154,24.9117774963,20.6879634857,20.6222705841,23.1314105988,23.5014438629
168,204.050239563,24.6459283829,20.5768508911,23.3431148529,204.115936279,203.984542847,24.8229904175,24.4688663483,20.4631729126,20.6905288696,23.2104473114,23.4757823944
169,205.744895935,25.03649044035,20.69976711275,23.47475624085,205.693572998,205.796218872,25.1468334198,24.9261474609,20.5832653046,20.8162689209,23.3048801422,23.6446323395
170,207.5388641355,25.2199668884,21.0523509979,23.74214553835,207.430831909,207.646896362,25.2032871246,25.2366466522,21.2350578308,20.869644165,23.6389884949,23.8453025818
171,209.367469788,25.3128604889,21.1324138641,23.622051239,209.578659058,209.156280518,25.2156047821,25.4101161957,21.0708274841,21.1940002441,23.4922065735,23.7518959045
172,211.422157288,25.18609428405,21.3274374008,23.85659313205,211.224060059,211.620254517,25.1016693115,25.2705192566,21.4362411499,21.2186336517,23.6158924103,24.0972938538
173,212.4876098635,25.41088581085,21.39261627195,23.95718479155,212.486068726,212.489151001,25.3444232941,25.4773483276,21.3392410278,21.4459915161,23.7765312195,24.1378383636
174,212.6482467655,25.6536388397,21.4934644699,24.25357055665,212.675445557,212.621047974,25.5030078888,25.8042697906,21.4577960968,21.529132843,24.1763305664,24.3308105469
175,214.7298660275,25.6803264618,21.44393920895,24.29206180575,214.816085815,214.64364624,25.6944408417,25.6662120819,21.3007507324,21.5871276855,24.11577034,24.4683532715
176,216.4414672855,26.0259809494,21.47550201415,24.51839256285,216.298278809,216.584655762,26.2199783325,25.8319835663,21.4305953979,21.5204086304,24.456035614,24.5807495117
177,218.4394378665,25.99826812745,21.9476661682,24.7162399292,218.339874268,218.539001465,25.9977550507,25.9987812042,21.8904418945,22.0048904419,24.5258350372,24.9066448212
178,220.453063965,26.33263111115,22.0487709045,24.83941364285,220.840805054,220.065322876,26.3919086456,26.2733535767,22.0911121368,22.0064296722,24.7552452087,24.923582077
179,222.168510437,26.5653772354,22.2407150269,25.1142425537,221.979644775,222.357376099,26.7116451263,26.4191093445,22.3590126038,22.12241745,25.0431613922,25.1853237152
180,222.376098633,26.49557876585,22.2581644058,25.10295295715,222.552902222,222.199295044,26.6505718231,26.3405857086,22.3595256805,22.1568031311,24.9918403625,25.2140655518
181,223.7238235475,26.61131095885,22.5732831955,25.33672428135,223.695343018,223.752304077,26.7239627838,26.4986591339,22.5175991058,22.6289672852,25.0703620911,25.6030864716
182,225.197792053,26.86509895325,22.56045246125,25.3557138443,225.278625488,225.116958618,26.8101844788,26.9200134277,22.7346916199,22.3862133026,25.2412662506,25.470161438
183,226.812904358,27.119143486,22.55583381655,25.5666475296,226.727966309,226.897842407,27.1217098236,27.1165771484,22.600227356,22.5114402771,25.3013114929,25.8319835663
184,227.86706543,26.9356660843,22.78729629515,25.84968948365,227.90222168,227.83190918,26.8081302643,27.0632019043,22.8388748169,22.7357177734,25.6887950897,26.0105838776
185,229.2897109985,26.9780073166,23.07367420195,25.89972877505,229.320755005,229.258666992,27.0498580933,26.9061565399,22.8245048523,23.3228435516,25.6379852295,26.1614723206
186,231.404953003,27.3606147766,23.25766372685,25.9787654877,230.915847778,231.894058228,27.3706226349,27.3506069183,23.1401367188,23.3751907349,25.8443012238,26.1132297516
187,231.814506531,27.2169122696,23.0354394913,26.20201683045,232.219436646,231.409576416,27.3516330719,27.0821914673,23.0308208466,23.040058136,25.7616729736,26.6423606873
188,232.981315613,27.4630022049,23.26202583315,26.24256038665,232.939483643,233.023147583,27.4614620209,27.4645423889,23.3125782013,23.211473465,26.1255455017,26.3595752716
189,233.167350769,27.29825782775,23.34439849855,26.20150279995,233.191986084,233.142715454,27.4902019501,27.1063137054,23.2402153015,23.4485816956,25.9828701019,26.420135498
190,234.951057434,27.687792778,23.39392471315,26.7947874069,235.018035889,234.884078979,27.6354446411,27.7401409149,23.3582553864,23.4295940399,26.5202140808,27.069360733
191,236.4881591795,27.82867240905,23.55250930785,26.68316173555,236.645980835,236.330337524,27.7386016846,27.9187431335,23.4680843353,23.6369342804,26.4211616516,26.9451618195
192,237.570281982,27.90719509125,23.67978858945,26.7216529846,237.483551025,237.657012939,27.7873573303,28.0270328522,23.5958766937,23.7637004852,26.6577568054,26.7855491638
193,238.542068481,28.3247013092,23.87455654145,26.84970283505,238.582870483,238.501266479,28.0455093384,28.60389328,23.8488960266,23.9002170563,26.7013816833,26.9980239868
194,239.2762374875,28.1686811447,24.0316019058,26.9171915054,239.28137207,239.271102905,28.0721950531,28.2651672363,24.0172309875,24.0459728241,26.7280693054,27.1063137054
195,240.0596694945,28.5707902908,24.0557231903,27.1650762558,240.186691284,239.932647705,28.5161323547,28.6254482269,24.0023479462,24.1090984344,26.9297637939,27.4003887177
196,241.999641418,28.8463907242,24.38649463655,27.3041601181,241.923431396,242.07585144,28.813287735,28.8794937134,24.5150566101,24.257932663,27.2777290344,27.3305912018
197,243.394325256,28.9449291229,24.22046756745,27.37652397155,243.677627563,243.111022949,29.0052318573,28.8846263885,24.1332206726,24.3077144623,27.2330780029,27.5199699402
198,244.0040283205,28.94749546055,24.51659584045,27.6780414581,243.8777771,244.130279541,28.8440818787,29.0509090424,24.3482589722,24.6849327087,27.5240745544,27.8320083618
199,244.9388656615,29.21719360355,24.7375383377,27.7411680222,245.316345215,244.561386108,29.2300243378,29.2043628693,24.7711544037,24.7039222717,27.6441688538,27.8381671906
200,369.819030762,97.6542701721,43.4049472809,50.6934642792,369.746917725,369.891143799,98.6453018188,96.6632385254,43.257396698,43.5524978638,50.318813324,51.0681152344
201,374.642807007,98.4461708069,43.72904777525,50.7868709564,374.319732666,374.965881348,98.6565933228,98.235748291,43.8650512695,43.593044281,50.417350769,51.1563911438
202,376.650527954,99.4644012451,44.1234588623,51.8171634674,375.945098877,377.355957031,99.2868270874,99.6419754028,44.2350845337,44.0118331909,51.5182113647,52.1161155701
203,377.7798614505,100.864467621,44.68286895755,52.0653076172,377.620758057,377.938964844,101.266319275,100.462615967,44.7190513611,44.646686554,51.9108276367,52.2197875977
204,378.581771851,102.3086776735,45.02210998535,53.3157711029,378.590240479,378.573303223,101.896560669,102.720794678,44.8971405029,45.1470794678,53.0373497009,53.5941925049
205,379.3231201175,104.885562897,45.49606895445,53.07635307315,379.39239502,379.253845215,106.013626099,103.757499695,45.5540618896,45.4380760193,52.9131469727,53.2395591736
206,384.526672363,104.9173812865,45.74472618105,54.3504257202,384.369110107,384.684234619,105.037475586,104.797286987,45.6649208069,45.8245315552,54.0863723755,54.6144790649
207,384.3716888425,106.0287628175,45.4832382202,54.222120285,384.325500488,384.417877197,105.226852417,106.830673218,45.3030967712,45.6633796692,54.1351280212,54.3091125488
208,387.21081543,104.3084449765,46.01519393925,54.15360450745,387.036834717,387.384796143,104.477035522,104.139854431,45.8609695435,46.169418335,53.7779273987,54.5292816162
209,389.808746338,106.4760360715,45.90459442135,54.2978210449,389.626037598,389.991455078,106.355941772,106.596130371,46.1545333862,45.6546554565,54.0114440918,54.584197998
210,390.454910278,105.524269104,46.29874801635,54.4864292145,390.899871826,390.00994873,105.126266479,105.922271729,46.468624115,46.1288719177,54.2855033875,54.6873550415
211,392.0379333495,106.3764686585,46.81992530825,54.7486858368,391.144165039,392.93170166,106.459609985,106.293327332,46.8355789185,46.804271698,54.3778839111,55.1194877625
212,394.1241760255,106.677474976,46.8109436035,55.24419975285,393.764160156,394.484191895,106.278961182,107.07598877,46.764755249,46.857131958,55.1882591248,55.3001403809
213,396.042602539,107.8373565675,47.75450134275,55.5121021271,396.291259766,395.793945312,107.924346924,107.750366211,47.2964515686,48.2125511169,55.1230812073,55.9011230469
214,401.2169036865,109.9407958985,48.00521087645,55.49644851685,401.452728271,400.981079102,109.261291504,110.620300293,48.0560188293,47.9544029236,55.1117897034,55.8811073303
215,403.7517089845,110.9012908935,48.57462882995,56.24062156675,403.680114746,403.823303223,110.656227112,111.146354675,48.4337501526,48.7155075073,55.4674530029,57.0137901306
216,406.1587066655,114.3370513915,48.8925704956,56.7466583252,406.581848145,405.735565186,114.008590698,114.665512085,49.1845932007,48.6005477905,56.3117027283,57.1816139221
217,408.614227295,113.9557266235,48.674451828,56.725358963,408.633209229,408.595245361,113.470733643,114.440719604,48.5328025818,48.8161010742,56.4518127441,56.9989051819
218,409.16645813,115.533885956,49.1535434723,57.5596008301,408.783081055,409.549835205,114.603416443,116.464355469,49.1691970825,49.1378898621,57.2339630127,57.8852386475
219,411.889846802,116.200046539,49.7245025635,58.3332824707,411.35635376,412.423339844,115.974227905,116.425865173,49.8168830872,49.6321220398,58.0689735413,58.5975914001
220,416.8347473145,118.347618103,50.12430381775,59.0492248535,417.104949951,416.564544678,117.993751526,118.70148468,50.246963501,50.0016441345,58.7982597351,59.3001899719
221,420.3285064695,120.6250419615,50.37578201295,59.38615608215,420.346984863,420.310028076,120.828277588,120.421806335,50.493309021,50.2582550049,59.2047309875,59.5675811768
222,423.374481201,121.5906715395,51.0901851654,59.6781787872,423.492523193,423.256439209,121.230133057,121.951210022,50.9028587341,51.2775115967,59.1518707275,60.2044868469
223,424.0986328125,122.8714141845,50.79302978515,59.5629615784,423.857940674,424.339324951,123.551948547,122.190879822,50.7165603638,50.8694992065,59.1364746094,59.9894485474
224,425.5613098145,125.036693573,51.0758152008,59.87577056885,425.202575684,425.920043945,124.467529297,125.605857849,50.9685516357,51.1830787659,59.5809249878,60.1706161499
225,428.303192139,126.406227112,51.38785362245,60.0936317444,428.176177979,428.430206299,126.678489685,126.133964539,51.2852096558,51.4904975891,59.6363525391,60.5509109497
226,430.60345459,129.72190094,51.81870269775,60.88193893435,430.130523682,431.076385498,129.555618286,129.888183594,51.9200630188,51.7173423767,60.4754676819,61.2884101868
227,435.851409912,132.8977050785,52.31421852115,61.2717323303,435.789825439,435.912994385,134.411193848,131.384216309,52.4533004761,52.1751365662,60.9076004028,61.6358642578
228,436.4187774655,132.4273452755,52.71966362,61.88272094725,436.360015869,436.477539062,131.682922363,133.171768188,52.7391662598,52.7001609802,61.3484573364,62.4169845581
229,439.908432007,131.2710494995,53.51310539245,62.7677726746,439.63180542,440.185058594,131.815322876,130.726776123,53.2816429138,53.7445678711,62.8460388184,62.6895065308
230,443.0421447755,131.4948196415,53.74174499515,62.90762519835,443.019042969,443.065246582,132.103759766,130.885879517,53.83335495,53.6501350403,62.3384628296,63.4767875671
231,443.0134124755,132.663169861,53.88467788695,63.14883995055,442.689056396,443.337768555,132.225906372,133.10043335,53.8102607727,53.9590950012,62.8116531372,63.4860267639
232,444.5168914795,132.1884384155,54.22802352905,63.0002632141,444.169189453,444.864593506,131.686508179,132.690368652,54.2346954346,54.2213516235,62.8167877197,63.1837387085
233,447.261352539,132.3524093625,54.0170879364,62.9204559326,447.815124512,446.707580566,132.511764526,132.193054199,53.9498558044,54.0843200684,62.7285118103,63.1124000549
234,448.09815979,133.4016952515,54.37121009825,63.7449474335,448.431488037,447.764831543,133.376037598,133.427352905,54.5118331909,54.2305870056,63.1883583069,64.3015365601
235,451.6612091065,136.511817932,54.6434764862,64.2109527588,452.521881104,450.800537109,136.352203369,136.671432495,54.7068595886,54.5800933838,63.3818435669,65.0400619507
236,453.1651916505,134.0416793825,54.71481132505,64.030298233,452.89755249,453.432830811,134.269546509,133.813812256,54.8526115417,54.5770111084,63.5568504333,64.5037460327
237,452.373046875,134.089416504,54.88340568545,64.3484954834,452.333526611,452.412567139,133.717330933,134.461502075,55.0019607544,54.7648506165,64.1696395874,64.5273513794
238,453.0119934085,135.9449615475,54.9829711914,64.0888080597,453.361999512,452.661987305,135.484863281,136.405059814,54.8798141479,55.0861282349,63.569683075,64.6079330444
239,458.349243164,136.781768799,55.718416214,64.2486743927,458.508605957,458.189880371,137.173355103,136.390182495,55.482334137,55.954498291,63.9289360046,64.5684127808
240,457.727218628,141.7063903805,55.83517456055,65.40573120115,458.151916504,457.302520752,140.942977905,142.469802856,55.7969398499,55.8734092712,64.8075714111,66.0038909912
241,463.815048218,141.693817139,56.24318695065,66.4955596924,464.127349854,463.502746582,141.769775391,141.617858887,56.0027427673,56.483631134,65.8073272705,67.1837921143
242,467.927505493,143.341255188,56.9442462921,65.7973213196,468.665771484,467.189239502,143.624038696,143.05847168,57.0296974182,56.858795166,65.165802002,66.4288406372
243,467.748123169,143.920173645,56.50133895875,66.88535308835,468.631896973,466.864349365,144.157791138,143.682556152,55.8754653931,57.1272125244,66.432434082,67.3382720947
244,468.326522827,147.528633118,56.7025203705,66.8663597107,467.766601562,468.886444092,147.970001221,147.087265015,56.8315963745,56.5734443665,66.58177948,67.1509399414
245,471.066116333,148.0002822875,57.0987281799,66.955406189,470.629364014,471.502868652,146.497055054,149.503509521,56.7361373901,57.4613189697,66.7059783936,67.2048339844
246,475.273757935,147.6918334965,57.48056411745,66.72137451175,475.156494141,475.391021729,147.196060181,148.187606812,57.3453292847,57.6157989502,66.5797271729,66.8630218506
247,477.338195801,148.931266785,57.2752761841,67.270778656,477.717468262,476.95892334,146.670532227,151.192001343,56.9096069336,57.6409454346,66.9543762207,67.5871810913
248,480.367996216,147.7388000485,56.969909668,67.12143325805,479.854522705,480.881469727,147.825790405,147.651809692,57.128238678,56.811580658,66.5679244995,67.6749420166
249,480.8134765625,147.659767151,57.65326309205,67.38728332515,480.912780762,480.714172363,147.706726074,147.612808228,57.8975563049,57.4089698792,66.8768844604,67.8976821899
250,484.8104248045,150.8848495485,58.17418289185,67.61540985105,485.957733154,483.663116455,150.395492554,151.374206543,57.9966087341,58.3517570496,67.1494064331,68.081413269
251,484.6238861085,151.3359680175,58.09052848815,67.3457107544,485.051391602,484.196380615,151.072937012,151.598999023,57.9642753601,58.2167816162,66.7573013306,67.9341201782
252,485.006225586,153.5646362305,58.4110355377,67.25255966185,485.135040283,484.877410889,153.50869751,153.620574951,58.2681045532,58.5539665222,66.8296661377,67.675453186
253,486.264129639,156.6059799195,58.43849372865,67.7144584656,486.426818848,486.10144043,156.693740845,156.518218994,58.4523506165,58.4246368408,67.169418335,68.2594985962
254,486.2115325925,157.2131195065,58.79774856565,68.1016845703,486.676757812,485.746307373,157.183868408,157.242370605,59.3463821411,58.2491149902,67.6272125244,68.5761566162
255,488.753250122,152.8286743165,58.49905395505,68.19149780275,488.653686523,488.852813721,152.213317871,153.444030762,58.6068305969,58.3912773132,67.7036819458,68.6793136597
256,490.667327881,154.2048721315,58.8421421051,67.83712005615,490.572631836,490.762023926,153.932098389,154.477645874,58.9234886169,58.7607955933,67.6744308472,67.9998092651
257,490.407119751,155.6739730835,58.92040634155,67.95567703245,490.635253906,490.178985596,155.676025391,155.671920776,59.1026000977,58.7382125854,67.4511795044,68.4601745605
258,491.5559539795,156.422767639,59.2614440918,68.1242675781,491.936248779,491.17565918,156.072235107,156.773300171,59.2072982788,59.3155899048,67.4342422485,68.8142929077
259,492.3884124755,156.718383789,59.62788391115,68.39935302735,492.272949219,492.503875732,155.919296265,157.517471313,59.507019043,59.7487487793,67.6097640991,69.1889419556
260,492.105895996,160.1423339845,59.3918018341,69.0149612427,492.278594971,491.933197021,160.438720703,159.845947266,59.1765060425,59.6070976257,68.3164672852,69.7134552002
261,490.3126831055,156.539527893,59.2211551666,69.1106796265,490.173858643,490.451507568,156.481277466,156.59777832,59.3371429443,59.1051673889,68.6120834351,69.6092758179
262,495.0823059085,156.557739258,59.68074417115,69.2808113098,495.020202637,495.14440918,158.297042847,154.818435669,59.6014518738,59.7600364685,68.8769073486,69.684715271
263,490.392501831,156.369132996,59.6140270233,68.65032196045,489.492828369,491.292175293,156.608032227,156.130233765,59.6486701965,59.5793838501,68.1245269775,69.1761169434
264,488.3727111815,160.279876709,59.71076965335,68.73089218135,488.209259033,488.53616333,159.986053467,160.573699951,59.7641448975,59.6573944092,68.3339157104,69.1278686523
265,485.157104492,159.5002975465,60.03666496275,68.21741867065,484.123474121,486.190734863,158.730209351,160.270385742,59.9535217285,60.119808197,67.7657852173,68.669052124
266,483.339538574,159.4050979615,59.7269363403,67.96825027465,483.175048828,483.50402832,158.06918335,160.741012573,59.7554206848,59.6984519958,67.6000137329,68.3364868164
267,485.2787475585,161.052536011,59.4495391846,68.53176498415,484.849182129,485.708312988,160.336593628,161.768478394,59.6620140076,59.2370643616,68.1265792847,68.9369506836
268,483.5663757325,157.8931427005,59.6907520294,69.028049469,484.059326172,483.073425293,158.290374756,157.495910645,59.8477973938,59.533706665,68.6654586792,69.3906402588
269,485.165588379,158.889053345,59.2863330841,68.526889801,484.942077637,485.389099121,158.485916138,159.292190552,59.0759124756,59.4967536926,68.1276016235,68.9261779785
270,486.075531006,161.303756714,59.47391700745,68.41038894655,485.949523926,486.201538086,161.664810181,160.942703247,59.3232879639,59.624546051,68.0921936035,68.7285842896
271,486.9038696285,162.5680770875,59.46416473385,68.0339393616,486.551544189,487.256195068,162.323272705,162.81288147,59.4649353027,59.463394165,67.6918792725,68.3759994507
272,486.4704437255,161.82749939,59.2642650604,67.5276489258,486.211273193,486.729614258,161.333786011,162.321212769,59.2570800781,59.2714500427,66.825050354,68.2302474976
273,483.2466430665,164.9242858885,59.45672416685,68.22280502315,483.138092041,483.355194092,166.200668335,163.647903442,59.3048095703,59.6086387634,67.6995773315,68.7460327148
274,486.363189697,168.087776184,59.5434589386,69.1992111206,486.83996582,485.886413574,168.205307007,167.970245361,59.7682495117,59.3186683655,68.9277191162,69.470703125
275,485.2741241455,163.906562805,59.50034713745,68.2261428833,485.093475342,485.454772949,164.206802368,163.606323242,59.2673454285,59.7333488464,67.751411438,68.7008743286
276,486.945175171,165.441345215,59.25656700135,67.7185630798,487.906951904,485.983398438,165.611480713,165.271209717,59.1672668457,59.345867157,67.2022628784,68.2348632812
277,488.7509613035,170.486320496,59.15315437315,67.54792022705,488.469970703,489.031951904,169.582275391,171.390365601,58.9953384399,59.3109703064,67.3244094849,67.7714309692
278,488.2790374755,170.653114319,59.40001297,67.7786102295,488.382202148,488.175872803,169.668502808,171.63772583,59.2052459717,59.5947799683,67.2653884888,68.2918319702
279,485.584625244,165.623542786,59.6535453796,67.46298217775,485.086791992,486.082458496,165.98664856,165.260437012,59.6086387634,59.6984519958,66.9225616455,68.00340271
280,486.2754211425,163.0494766235,59.5142040253,67.73473358155,486.981109619,485.569732666,162.757965088,163.340988159,59.5470504761,59.4813575745,67.2566680908,68.2127990723
281,480.356964111,162.8695983885,59.34843444825,67.6800727844,480.525299072,480.18862915,163.52986145,162.209335327,59.0620574951,59.6348114014,67.0380325317,68.3221130371
282,478.696685791,164.5224227905,59.2924938202,67.46272277835,479.061065674,478.332305908,163.958908081,165.0859375,59.4572372437,59.1277503967,66.8050308228,68.1204147339
283,479.6543579105,163.95891571,58.92707824705,67.0234069824,479.076477051,480.23223877,163.972259521,163.945571899,59.0394744873,58.8146820068,66.4909362793,67.5558776855
284,480.2327575685,164.3289413455,59.3586978912,67.8904953003,479.919189453,480.546325684,164.730789185,163.927093506,59.4490242004,59.268371582,67.5743484497,68.2066421509
285,477.6661376955,164.809059143,58.8241786957,67.04983901975,477.798034668,477.534240723,164.681518555,164.936599731,58.9337501526,58.7146072388,66.3508300781,67.7488479614
286,480.660522461,161.1780166625,59.161108017,66.5851135254,480.634094238,480.686950684,161.055618286,161.300415039,59.4064292908,58.9157867432,66.3056640625,66.8645629883
287,477.609939575,164.7926330565,59.09105300905,67.3534088135,477.131866455,478.088012695,165.444168091,164.141098022,59.2904396057,58.8916664124,67.1298980713,67.5769195557
288,476.517288208,160.2193222045,58.9758358002,67.23921966555,476.2265625,476.808013916,161.191619873,159.247024536,58.9239997864,59.027671814,66.6171951294,67.8612442017
289,475.2714385985,159.3129653935,58.65378952025,66.65183258055,475.387420654,475.155456543,159.310653687,159.3152771,58.5041847229,58.8033943176,66.6587600708,66.6449050903
290,473.515197754,165.6859054565,58.4451637268,66.2225265503,473.338134766,473.692260742,165.613540649,165.758270264,58.5416488647,58.3486785889,65.6733779907,66.7716751099
291,472.608596802,161.715362549,58.26348495485,66.0259590149,472.513916016,472.703277588,161.625808716,161.804916382,58.1603279114,58.3666419983,65.8114318848,66.240486145
292,473.198272705,160.654792786,58.523431778,66.3677635193,473.09588623,473.30065918,161.767456055,159.542129517,58.5945129395,58.4523506165,66.1532363892,66.5822906494
293,472.465911865,160.5939712525,58.28606414795,66.69263458255,471.937042236,472.994781494,160.05380249,161.134140015,58.3281478882,58.2439804077,66.316444397,67.0688247681
294,470.725830078,157.2480239865,58.61555480955,66.737285614,470.692474365,470.759185791,157.827453613,156.66859436,58.4436264038,58.7874832153,66.205078125,67.269493103
295,470.012207031,155.195648193,57.6912403107,65.9695053101,469.705047607,470.319366455,155.324981689,155.066314697,57.6250343323,57.7574462891,65.5876693726,66.3513412476
296,467.906982422,158.578544617,57.92604064945,65.8147697449,468.065826416,467.748138428,158.313980103,158.843109131,58.0705108643,57.7815704346,65.4490966797,66.1804428101
297,468.982940674,157.416618347,57.710231781,65.5450744629,468.781768799,469.184112549,157.330657959,157.502578735,57.5701217651,57.8503417969,65.1196136475,65.9705352783
298,467.051437378,159.688392639,57.5028896332,66.087802887,466.854614258,467.248260498,160.684036255,158.692749023,57.3930587769,57.6127204895,65.6836395264,66.4919662476
299,464.6154174805,160.6360549925,57.88729286195,65.9392242432,464.598999023,464.631835938,161.103851318,160.168258667,57.9155197144,57.8590660095,65.0636672974,66.814781189
300,92.38296890255,53.90751457215,23.64386367795,24.73086738585,92.8854141235,91.8805236816,54.2275085449,53.5875205994,23.5460948944,23.7416324615,24.4365348816,25.0251998901
301,91.57259368895,53.58008003235,23.86685848235,24.7272748947,91.5633544922,91.5818328857,53.3211593628,53.8390007019,24.0593166351,23.6744003296,24.8758525848,24.5786972046
302,91.86487197875,55.2883377075,23.98849105835,24.89920330045,92.493309021,91.2364349365,55.8523674011,54.7243080139,24.1768436432,23.8001384735,24.7983551025,25.0000514984
303,92.34037399295,54.95808029175,23.7621603012,25.0808839798,91.9000320435,92.7807159424,54.8372154236,55.0789451599,23.6625957489,23.8617248535,24.7377948761,25.4239730835
304,95.07609939575,59.0656490326,23.82964897155,24.5766439438,95.6557846069,94.4964141846,58.5549926758,59.5763053894,23.7601070404,23.8991909027,24.3354301453,24.8178577423
305,93.5287399292,60.1731815338,23.9074020386,24.5201883316,92.7781524658,94.2793273926,59.9935531616,60.352809906,23.9833583832,23.831445694,24.30052948,24.7398471832
306,92.24183654785,57.3058128357,23.86326503755,24.51582717895,92.308555603,92.1751174927,58.2809333801,56.3306922913,23.8545398712,23.8719902039,24.3990688324,24.6325855255
307,93.40941238405,53.80435943605,23.6223077774,24.7752609253,93.5223236084,93.2965011597,52.6863059998,54.9224128723,23.7529220581,23.4916934967,24.6325855255,24.9179363251
308,94.18643188475,54.10074424745,23.7688331604,24.3159265518,94.2346725464,94.1381912231,54.1022834778,54.0992050171,23.7683200836,23.7693462372,24.1860809326,24.445772171
309,94.564163208,56.480550766,23.60973358155,24.2332983017,94.6421737671,94.4861526489,56.8531494141,56.1079521179,23.5430145264,23.6764526367,24.1855678558,24.2810287476
310,94.1579475403,57.3235168457,23.31976413725,24.14297103885,93.9683151245,94.3475799561,57.5429191589,57.1041145325,23.4254875183,23.2140407562,23.7980861664,24.4878559113
311,94.47383499145,55.6609363556,23.25227546695,23.9438419342,94.7314758301,94.2161941528,55.7338142395,55.5880584717,23.2273845673,23.2771663666,23.660030365,24.2276535034
312,92.25594711305,54.55751037595,23.10087394715,24.0118427277,92.3665466309,92.1453475952,54.9003410339,54.214679718,23.0431365967,23.1586112976,23.7395782471,24.2841072083
313,89.9608192444,51.1078910828,23.1057500839,23.99695968625,89.7239685059,90.1976699829,51.1892356873,51.0265464783,23.0539150238,23.157585144,23.7354736328,24.2584457397
314,88.63234710695,51.8387184143,22.95204067235,23.7880792618,89.3108291626,87.9538650513,52.8099899292,50.8674468994,22.7783145905,23.1257667542,23.9161281586,23.660030365
315,88.535861969,52.35784339905,23.13269519805,23.7624168396,88.7868270874,88.2848968506,52.4517631531,52.263923645,23.3495311737,22.9158592224,23.6225643158,23.9022693634
316,88.2805328369,52.65602493285,23.01952934265,23.9138174057,88.0724182129,88.4886474609,53.0178451538,52.2942047119,22.9702606201,23.0687980652,23.8263130188,24.0013217926
317,89.08269882205,51.8577079773,22.8840389252,23.67978858945,89.0259857178,89.1394119263,51.7625045776,51.952911377,23.0954856873,22.6725921631,23.4983654022,23.8612117767
318,88.999042511,49.9413394928,22.8286104202,23.6633653641,88.3824081421,89.6156768799,50.2597923279,49.6228866577,22.9189376831,22.7382831573,23.6184577942,23.708272934
319,85.7357215881,48.14326667785,22.6233215332,23.65207481385,86.1432189941,85.3282241821,48.0606384277,48.225894928,22.5360736847,22.7105693817,23.442937851,23.8612117767
320,84.8727416992,49.3205986023,22.56250476835,23.2884569168,84.6538543701,85.0916290283,49.7060279846,48.93516922,22.4596042633,22.6654052734,23.1991558075,23.3777580261
321,84.87504959105,48.18073272705,22.54479885105,23.1175537109,85.2820358276,84.4680633545,48.3860206604,47.9754447937,22.4277839661,22.661813736,22.8332290649,23.4018783569
322,84.61587524415,50.86385536195,22.3782587051,23.35568904875,84.7472610474,84.4844894409,50.3475532532,51.3801574707,22.2691993713,22.4873180389,22.8671016693,23.8442764282
323,84.66026687625,50.22386741635,22.4580640793,23.1583557129,84.6564178467,84.6641159058,50.7735290527,49.67420578,22.4406147003,22.4755134583,22.9630756378,23.353635788
324,85.8832740784,50.3082923889,22.1085615158,22.8807029724,85.8896865845,85.8768615723,50.421459198,50.1951255798,22.0166950226,22.200428009,22.7736968994,22.9877090454
325,87.3341522217,51.2654495239,22.38518714905,22.95383644105,87.2035369873,87.4647674561,51.5115394592,51.0193595886,22.2024803162,22.5678939819,22.8434944153,23.0641784668
326,89.64980697635,55.3209285736,22.20555973055,23.0015659332,89.3328933716,89.9667205811,55.7061004639,54.9357566833,22.2065868378,22.2045326233,22.8737735748,23.1293582916
327,91.1953773499,55.94064331055,22.69542980195,23.1657972336,91.6331558228,90.757598877,55.3704528809,56.5108337402,22.495016098,22.8958435059,23.4054718018,22.9261226654
328,88.5119934082,53.2944717407,22.1773328781,22.94459819795,88.3162002563,88.7077865601,52.988079071,53.6008644104,21.996679306,22.3579864502,23.0954856873,22.7937107086
329,87.08934402465,52.20618629455,22.09085464475,22.7370004654,87.2948913574,86.8837966919,50.9875411987,53.4248313904,22.1039409637,22.0777683258,22.5766181946,22.8973827362
330,85.97206115725,50.3875846863,21.7749662399,22.45832157135,85.540184021,86.4039382935,50.0586090088,50.7165603638,21.9663982391,21.5835342407,22.1537246704,22.7629184723
331,83.9553565979,48.5204849243,21.7469959259,22.4834690094,84.002571106,83.9081420898,48.679069519,48.3619003296,21.8062725067,21.6877193451,22.1095867157,22.8573513031
332,82.63766098025,49.92850875855,21.42341041565,22.3669681549,82.9863967896,82.2889251709,49.2184677124,50.6385498047,21.2145290375,21.6322917938,22.4175205231,22.3164157867
333,81.527305603,49.88616752625,21.5029592514,22.04235458375,81.4780349731,81.5765762329,49.6834449768,50.0888900757,21.6358833313,21.3700351715,21.8406581879,22.2440509796
334,81.31380462645,49.7855758667,21.0546607971,21.71466255185,81.4985656738,81.1290435791,50.1427764893,49.4283752441,21.253534317,20.8557872772,21.5029582977,21.926366806
335,82.41748809815,50.47098350525,20.9489364624,21.5483798981,82.4434051514,82.3915710449,50.8079147339,50.1340522766,21.0728797913,20.8249931335,21.2956180573,21.8011417389
336,83.7721405029,50.2369556427,21.2119626999,21.61099243165,83.6079101562,83.9363708496,51.1866722107,49.2872390747,21.2360839844,21.1878414154,21.567111969,21.6548728943
337,80.87756729125,48.81096839905,20.79137802125,21.42238330845,80.9848327637,80.7703018188,48.8607521057,48.7611846924,20.7279949188,20.8547611237,21.331029892,21.5137367249
338,80.2457923889,46.6633930206,20.53271389005,21.26764678955,80.319694519,80.1718902588,46.6287498474,46.6980361938,20.7613544464,20.3040733337,21.2422428131,21.293050766
339,77.75512695315,45.92922973635,20.3566789627,21.04696178435,77.7571792603,77.753074646,45.5484199524,46.3100395203,20.4369983673,20.2763595581,21.0672340393,21.0266895294
340,78.54189682005,46.41627693175,20.61662578585,20.8542470932,79.2137069702,77.8700866699,45.6890411377,47.1435127258,20.6058483124,20.6274032593,20.730047226,20.9784469604
341,80.12544250485,49.74246406555,20.1336841583,21.40698719025,80.2637557983,79.9871292114,50.0006141663,49.4843139648,20.2209320068,20.0464363098,21.462928772,21.3510456085
342,79.974811554,50.9528980255,20.11212921145,20.7911205292,80.1729125977,79.7767105103,50.5317993164,51.3739967346,20.1244468689,20.099811554,20.7295341492,20.8527069092
343,78.84906005855,48.2315406799,19.7282381058,20.4847278595,78.9026947021,78.795425415,48.2777290344,48.1853523254,19.6569004059,19.7995758057,20.5057697296,20.4636859894
344,79.3379020691,50.5795288086,19.7521038055,20.6168823242,78.7707901001,79.9050140381,50.551815033,50.6072425842,19.8704013824,19.6338062286,20.3353805542,20.8983840942
345,77.54778671265,49.21846580505,19.86732196805,20.4303255081,77.5816574097,77.5139160156,49.11120224,49.3257293701,19.7431221008,19.9915218353,20.2234973907,20.6371536255
346,75.77896499635,47.33443069455,19.65741443635,20.17294502255,75.5462188721,76.0117111206,46.5856399536,48.0832214355,19.6943664551,19.6204624176,20.1172599792,20.2286300659
347,73.581867218,44.0010547638,19.52115345,20.0495157242,73.4717788696,73.6919555664,43.8137283325,44.1883811951,19.3782215118,19.6640853882,19.928396225,20.1706352234
348,73.7209510803,43.528635025,19.08517169955,19.8124074936,74.0850830078,73.3568191528,43.3395118713,43.7177581787,19.2093715668,18.9609718323,19.5183315277,20.1064834595
349,73.59521102905,46.35699844365,18.9024658203,19.5758123398,73.6047058105,73.5857162476,47.5161094666,45.1978874207,18.8342075348,18.9707241058,19.5706806183,19.5809440613
350,73.46998214725,44.3482494354,18.68383312225,19.4295434952,73.4148101807,73.5251541138,44.2484283447,44.4480705261,18.5704116821,18.7972545624,19.5624675751,19.2966194153
351,71.8720703125,43.8173217773,18.5906839371,19.0785007477,71.5456619263,72.1984786987,43.9148330688,43.7198104858,18.6386699677,18.5426979065,19.0246124268,19.1323890686
352,71.3018798828,43.48244476315,18.28839492795,18.990483284,71.4296722412,71.1740875244,43.4801368713,43.484752655,18.1500816345,18.4267082214,18.8839893341,19.0969772339
353,69.47660446165,42.64461135865,18.1993522644,18.75517082215,69.2936401367,69.6595687866,42.0513267517,43.2378959656,18.2475948334,18.1511096954,18.8444709778,18.6658706665
354,68.9277153015,42.1375484467,18.1880607605,18.745932579,68.3159561157,69.5394744873,42.0313110352,42.2437858582,18.149055481,18.22706604,18.6792144775,18.8126506805
355,68.95183563235,42.8111495972,18.297121048,18.3528051376,69.1345443726,68.7691268921,42.7405815125,42.8817176819,18.280954361,18.313287735,18.114156723,18.5914535522
356,68.98878860475,43.7146778107,17.6363477707,18.35408782955,68.9128341675,69.064743042,43.0905990601,44.3387565613,17.7056331635,17.5670623779,18.3646087646,18.3435668945
357,70.07861328125,44.74676704405,17.5655231476,18.3168792725,69.032409668,71.1248168945,45.0059432983,44.4875907898,17.5537185669,17.5773277283,18.0371742249,18.5965843201
358,69.364982605,45.93230819705,17.3281583786,17.9512090683,68.8502197266,69.8797454834,46.2176589966,45.6469573975,17.2688808441,17.3874359131,17.9843120575,17.9181060791
359,69.645198822,46.21329689025,17.43208503725,18.05051708225,69.1437835693,70.1466140747,46.1494026184,46.2771911621,17.5516662598,17.3125038147,18.1346855164,17.9663486481
360,68.0714035034,44.4804058075,17.54294109345,17.8303451538,67.9176940918,68.225112915,42.6215171814,46.3392944336,17.438243866,17.6476383209,17.6630344391,17.9976558685
361,67.23793411255,44.53198242185,17.45030498505,17.7443809509,67.4034500122,67.0724182129,44.2068557739,44.8571090698,17.2965946198,17.6040153503,17.7061462402,17.7826156616
362,67.1540222168,42.7298049927,17.26092624665,17.8044281006,67.0180206299,67.2900238037,41.5750579834,43.884552002,17.3232822418,17.1985702515,17.8334255219,17.7754306793
363,65.2099380493,42.74212265015,16.9971294403,17.4377307892,64.7706222534,65.6492538452,42.5645484924,42.9196968079,16.7715682983,17.2226905823,17.3648529053,17.5106086731
364,63.7328853607,41.5378494263,16.7258930206,17.3784532547,63.8422012329,63.6235694885,41.5940475464,41.4816513062,16.8757534027,16.5760326385,17.6758651733,17.0810413361
365,64.0072021484,39.21680259705,16.69253349305,17.1362133026,64.2373809814,63.7770233154,39.0782318115,39.3553733826,16.6253013611,16.759765625,17.1549453735,17.1174812317
366,63.34873962405,40.0823516846,16.10976982115,16.9093694687,63.8991699219,62.7983093262,40.3792495728,39.7854537964,16.150056839,16.0694828033,16.9085998535,16.9101390839
367,63.6705303192,41.0805683136,16.142616272,16.7528371811,64.8204040527,62.5206565857,40.5963439941,41.5647926331,16.3738231659,15.9114093781,16.9358005524,16.5698738098
368,63.14704322815,40.6350917816,15.93758392335,16.4951992035,61.3207435608,64.9733428955,41.092628479,40.1775550842,15.9437427521,15.9314250946,16.3789539337,16.6114444733
369,61.41876983645,38.9940662384,15.8446907997,16.4690246582,62.1259880066,60.7115516663,39.341003418,38.6471290588,15.9745359421,15.7148456573,16.5724391937,16.3656101227
370,59.665605545,38.28941345215,15.86958217625,16.4959688187,59.1518707275,60.1793403625,37.6884307861,38.8903961182,15.9155158997,15.8236484528,16.6432628632,16.3486747742
371,58.6235084534,37.6442909241,15.99840068815,16.2881145477,58.8218688965,58.4251480103,38.0343399048,37.2542419434,15.6542854309,16.3425159454,16.3312244415,16.2450046539
372,58.80955314635,36.6288833618,15.7215175629,16.21472358705,58.6535339355,58.9655723572,37.1018180847,36.1559486389,15.6435079575,15.7995271683,16.1947078705,16.2347393036
373,56.13412666325,35.3768787384,15.60578632355,15.94117689135,56.4600219727,55.8082313538,35.6283569336,35.1254005432,15.3078613281,15.903711319,15.9298858643,15.9524679184
374,55.62629508975,34.4528236389,15.6681423187,16.14338541035,55.8102836609,55.4423065186,34.5028610229,34.4027862549,15.6917505264,15.644534111,15.9206476212,16.3661231995
375,54.41868400575,33.441778183,15.3558473587,15.81749010085,54.2793426514,54.5580253601,33.0750808716,33.8084754944,15.3817653656,15.3299293518,15.8431510925,15.7918291092
376,54.56033325195,32.53157806395,15.2131719589,15.8626537323,54.6591300964,54.4615364075,32.6716880798,32.3914680481,15.4120454788,15.014298439,15.6332435608,16.0920639038
377,53.2901096344,32.96935653685,15.1995716095,15.57807207105,53.156414032,53.4238052368,32.8913459778,33.0473670959,15.0440654755,15.3550777435,15.5187950134,15.6373491287
378,52.7502002716,31.31139469145,14.7715444565,15.363802433,53.0948295593,52.4055709839,31.2988204956,31.3239688873,14.7643594742,14.7787294388,15.3627758026,15.3648290634
379,51.45790863035,30.3452539444,14.58344888685,15.2470445633,51.5659408569,51.3498764038,30.7060489655,29.9844589233,14.6919956207,14.474902153,15.2431955338,15.2508935928
380,51.4142856598,30.17897033695,14.524684906,14.7715444565,51.6408729553,51.1876983643,30.7311973572,29.6267433167,14.4512939453,14.5980758667,14.795665741,14.747423172
381,51.9400806427,30.4766387939,14.40253829955,14.8084964752,51.9287910461,51.9513702393,30.5900611877,30.3632164001,14.3322267532,14.4728498459,14.9670820236,14.6499109268
382,51.97959899905,30.11533069615,14.221370697,14.7376718521,52.1530685425,51.8061294556,30.4360942841,29.7945671082,14.1361761093,14.3065652847,14.492351532,14.9829921722
383,52.49102401735,30.2598028183,14.1895513535,14.60166788105,52.5651855469,52.4168624878,30.0747871399,30.4448184967,14.1751813889,14.2039213181,14.6540164948,14.5493192673
384,51.809720993,30.61392593385,14.1487503052,14.5721578598,52.013469696,51.60597229,30.3765602112,30.8512916565,14.0771560669,14.2203445435,14.4990234375,14.6452922821
385,52.28445243835,30.714261055,13.937046051,14.6509375572,52.28855896,52.2803459167,30.7522392273,30.6762828827,13.9467973709,13.9272947311,14.8485279083,14.4533472061
386,51.5346355438,30.806640625,13.97810411455,14.44128608705,51.0162811279,52.0529899597,30.337556839,31.275724411,13.9976062775,13.9586019516,14.474902153,14.4076700211
387,50.54026985165,29.8882303238,13.81643915175,14.4222974777,50.9413528442,50.1391868591,29.9074764252,29.8689842224,13.92370224,13.7091760635,14.5267381668,14.3178567886
388,50.9059391022,29.1992301941,13.88546705245,14.36276388165,50.7376022339,51.0742759705,28.6993522644,29.6991081238,13.9781036377,13.7928304672,14.3276081085,14.3979196548
389,50.02294158935,28.89155483245,13.4792523384,14.13181400295,49.9764938354,50.0693893433,28.9795722961,28.8035373688,13.4679613113,13.4905433655,14.2136726379,14.049955368
390,50.10916137695,29.41042137145,13.80181217195,14.10230350495,50.7560768127,49.4622459412,29.3855304718,29.4353122711,13.6316795349,13.971944809,14.2075138092,13.9970932007
391,49.0077896118,28.3439464569,13.25471782685,13.87494659425,48.2695198059,49.7460594177,28.7686367035,27.9192562103,13.4038085938,13.1056270599,13.9632205963,13.7866725922
392,48.03754234315,28.35883045195,13.2244381905,13.9470539093,47.729095459,48.3459892273,28.5756664276,28.1419944763,13.057384491,13.39149189,14.1233453751,13.7707624435
393,47.207408905,28.13275527955,13.00323963165,13.54058218,47.1291427612,47.2856750488,27.9500484467,28.3154621124,13.1184577942,12.8880214691,13.5495634079,13.5316009521
394,46.91487121585,28.0778417587,12.92420339585,13.66067647935,46.8340377808,46.9957046509,27.6020851135,28.5535984039,12.9557666779,12.8926401138,13.750746727,13.5706062317
395,48.47429466245,28.79070568085,12.9834804535,13.4050922394,48.1735458374,48.7750434875,28.0367832184,29.5446281433,13.0496864319,12.9172744751,13.4125337601,13.3976507187
396,49.20101737975,29.5538663864,13.01068115235,13.63013982775,48.9608306885,49.441204071,29.0021533966,30.1055793762,13.0522518158,12.9691104889,13.7625513077,13.4977283478
397,49.28133583065,29.7283620834,12.71429538725,13.50465679165,49.9267120361,48.6359596252,29.7257957458,29.730928421,12.704287529,12.7243032455,13.4771995544,13.5321140289
398,48.70704078675,30.23183250425,12.54313611985,13.49541902545,48.9926490784,48.4214324951,30.1071205139,30.3565444946,12.5477552414,12.5385169983,13.1708059311,13.8200321198
399,48.1412143707,28.50253200535,12.5090069771,13.2518954277,48.0688514709,48.2135772705,28.5659141541,28.4391498566,12.4538354874,12.5641784668,13.0445537567,13.4592370987
400,342.988571167,98.8364753723,39.75927734375,47.55126571655,342.947509766,343.029632568,98.2501220703,99.4228286743,39.7726211548,39.7459335327,47.4221916199,47.6803398132
401,339.5214996335,96.69608306885,39.33895111085,47.0531845093,338.839691162,340.203308105,96.7802505493,96.6119155884,39.2265548706,39.4513473511,47.1712265015,46.9351425171
402,338.6500549315,95.69093704225,39.07412719725,46.2982349396,338.752441406,338.547668457,95.6373062134,95.7445678711,38.9227256775,39.225528717,46.1437568665,46.4527130127
403,333.8296051025,95.86543655395,39.14777565,45.85558128355,333.915313721,333.743896484,96.0637969971,95.6670761108,38.7733802795,39.5221710205,46.106803894,45.6043586731
404,332.9525146485,96.1541213989,38.6101760864,45.596660614,332.935058594,332.969970703,95.999130249,96.3091125488,38.605556488,38.6147956848,45.1414337158,46.0518875122
405,332.0143585205,96.6078109741,38.592212677,45.5948638916,331.403106689,332.625610352,96.5872802734,96.6283416748,38.630191803,38.554233551,45.44115448,45.7485733032
406,330.17137146,93.94367599485,38.2886428833,44.8365802765,330.353057861,329.989685059,93.6793670654,94.2079849243,38.3602371216,38.217048645,44.9494895935,44.7236709595
407,329.969680786,92.34858703615,37.9830188751,44.8437652588,329.174194336,330.765167236,91.8410110474,92.8561630249,37.8716506958,38.0943870544,45.0115890503,44.6759414673
408,325.1887664795,91.39937973025,37.36971855165,43.9386997223,325.359405518,325.018127441,90.8746109009,91.9241485596,37.6114463806,37.1279907227,44.0944633484,43.7829360962
409,322.447906494,92.86026382445,37.5904045105,43.84169960025,322.409423828,322.48638916,92.4645690918,93.2559585571,37.1151618958,38.0656471252,43.6849098206,43.9984893799
410,318.593597412,90.7855682373,37.1693058014,43.3859577179,318.795806885,318.391387939,91.1543197632,90.4168167114,37.0114898682,37.3271217346,43.3969917297,43.3749237061
411,317.62953186,91.90464782715,36.72074890135,43.2065887451,317.480957031,317.778106689,91.7732620239,92.0360336304,36.5557479858,36.8857498169,43.2933235168,43.1198539734
412,315.927932739,91.0426940918,36.8246765137,43.09111213685,316.073181152,315.782684326,91.3431854248,90.7422027588,36.9889068604,36.660446167,43.2748451233,42.9073791504
413,314.2194213865,88.4321899414,36.32582473755,42.6058616638,314.440612793,313.99822998,88.4060134888,88.458366394,36.4212837219,36.2303657532,42.3520736694,42.8596496582
414,311.8247375485,88.77630233765,36.24037361145,42.63537216185,311.756988525,311.892486572,89.1424865723,88.410118103,36.2616729736,36.2190742493,42.6266479492,42.6440963745
415,309.7451629635,86.357749939,36.15492248535,42.28740882875,309.856018066,309.634307861,85.5699539185,87.1455459595,36.1795578003,36.1302871704,42.1026496887,42.4721679688
416,309.486999512,85.31231689455,35.9337253571,42.19502830505,309.624023438,309.349975586,85.1953048706,85.4293289185,36.1533851624,35.7140655518,42.1560249329,42.2340316772
417,306.6329803465,82.5250091553,35.7322845459,41.34538841245,306.494934082,306.771026611,82.9391784668,82.1108398438,35.4872207642,35.9773483276,41.3564224243,41.3343544006
418,303.321670532,81.1803665161,35.60218429565,41.25224113465,302.876708984,303.76663208,81.5427017212,80.818031311,35.3743133545,35.8300552368,41.0905761719,41.4139060974
419,300.3968200685,81.2565803528,35.34659957885,41.0410499573,300.393218994,300.400421143,81.2583770752,81.2547836304,35.0899887085,35.6032104492,41.2804679871,40.8016319275
420,298.5679626465,81.1495780945,34.94423294065,41.04156112675,298.4034729,298.732452393,81.7916183472,80.5075378418,34.8364562988,35.0520095825,41.1254730225,40.957649231
421,296.38470459,79.6140174866,34.59036636355,40.59223747255,295.947692871,296.821716309,80.1765060425,79.0515289307,34.6121788025,34.5685539246,40.7616004944,40.4228744507
422,295.685455322,79.8829421997,34.95244407655,40.43057250975,295.643371582,295.727539062,79.6006698608,80.1652145386,34.6085853577,35.2963027954,40.6055793762,40.2555656433
423,293.085205078,78.96940994265,34.49003219605,40.20860481265,292.656402588,293.514007568,79.4610748291,78.4777450562,34.4967041016,34.4833602905,40.3618011475,40.0554084778
424,290.4865264895,77.8459663391,33.86749458315,39.45981407165,290.900695801,290.072357178,77.7787322998,77.9132003784,33.9203567505,33.8146324158,39.4508323669,39.4687957764
425,289.101577759,77.5072441101,33.8733959198,39.35768318175,289.444152832,288.759002686,77.1151428223,77.8993453979,33.9845085144,33.7622833252,39.587348938,39.1280174255
426,286.5783233645,77.0168571472,34.01453208925,39.2126979828,287.641204834,285.515441895,76.8159332275,77.2177810669,33.9393463135,34.089717865,39.0823402405,39.3430557251
427,285.0686798095,76.071762085,33.40533828735,38.67099189755,284.866729736,285.270629883,75.9342193604,76.2093048096,33.2167282104,33.5939483643,38.6851043701,38.656879425
428,282.0542755125,76.7040481567,33.500541687,38.876537323,282.235443115,281.87310791,76.2406082153,77.1674880981,33.3029518127,33.6981315613,38.8816680908,38.8714065552
429,280.0999298095,76.0037612915,32.94343948365,38.51548576355,280.063995361,280.135864258,75.4553833008,76.5521392822,32.9560127258,32.9308662415,38.7985267639,38.2324447632
430,278.0026550295,75.9973449707,33.08637046815,38.36819076535,278.083496094,277.921813965,76.3098983765,75.6847915649,33.0658416748,33.1068992615,38.0220222473,38.7143592834
431,276.537918091,75.2955131531,32.84079360965,37.74180412295,276.731658936,276.344177246,74.9277877808,75.6632385254,33.0766181946,32.6049690247,37.4816017151,38.0020065308
432,274.5863952635,74.0658340454,32.6868286133,37.82135391235,274.561248779,274.611541748,73.7976760864,74.3339920044,32.5864944458,32.7871627808,37.9465789795,37.6961288452
433,271.383132935,73.1343345642,32.27137565615,37.3350772858,271.591247559,271.175018311,73.263923645,73.0047454834,32.1851539612,32.3575973511,37.1474952698,37.5226593018
434,269.6048126225,73.5384979248,32.6609096527,37.100276947,270.612518311,268.597106934,73.3824768066,73.694519043,32.7738189697,32.5480003357,37.1916313171,37.0089225769
435,268.366912842,73.7609825134,31.96036243435,37.11336517335,268.79006958,267.943756104,73.4271316528,74.094833374,32.0039863586,31.9167385101,37.0617866516,37.1649436951
436,266.910140991,71.3762969971,32.16462516785,37.5624332428,266.813140869,267.007141113,71.317276001,71.4353179932,32.195930481,32.1333198547,37.4682579041,37.6566085815
437,263.855697632,72.13637924195,31.8610553741,36.8044052124,264.345062256,263.366333008,71.931602478,72.3411560059,32.0311889648,31.6909217834,36.9370727539,36.6717376709
438,262.289871216,71.9436645508,31.5318222046,36.7612953186,262.491821289,262.087921143,71.8207473755,72.0665817261,31.423532486,31.6401119232,36.8287849426,36.6938056946
439,260.4343109135,72.1918067932,31.12304115295,36.5272655487,260.885955811,259.982666016,72.4525222778,71.9310913086,31.0042304993,31.2418518066,36.5536956787,36.5008354187
440,257.532043457,69.825340271,31.29933357235,36.39126205445,257.9246521,257.139434814,70.090675354,69.560005188,31.2459583282,31.3527088165,36.3294181824,36.4531059265
441,256.245651245,70.58619308475,30.9508562088,35.98094177245,256.340332031,256.150970459,69.6154327393,71.5569534302,30.7311973572,31.1705150604,36.1318283081,35.8300552368
442,253.2348403935,70.31674957275,30.93315029145,35.7320289612,253.543289185,252.926391602,70.7835235596,69.8499755859,30.8990211487,30.9672794342,35.6278457642,35.8362121582
443,251.430091858,69.7504119873,30.58338928225,35.6683883667,251.149108887,251.711074829,71.0062637329,68.4945602417,30.286233902,30.8805446625,35.7669258118,35.5698509216
444,250.1860427855,71.8718109131,30.1461238861,35.74024009705,250.149856567,250.222229004,72.8317947388,70.9118270874,29.9557189941,30.3365287781,35.7730865479,35.7073936462
445,247.7082061765,69.554359436,30.91518688205,35.10949134825,247.917861938,247.498550415,68.9554290771,70.1532897949,30.5962200165,31.2341537476,35.1736450195,35.045337677
446,246.820335388,68.8558654785,30.0365514755,35.23984909055,246.80519104,246.835479736,69.4948272705,68.2169036865,30.4222373962,29.6508655548,35.1782608032,35.3014373779
447,244.6704483035,68.05446624755,30.3254947662,34.983751297,244.976074219,244.364822388,67.3305664062,68.7783660889,30.8153648376,29.8356246948,34.8785400391,35.0889625549
448,242.44178772,69.5012397766,29.79636383055,34.77564048765,242.221099854,242.662475586,70.3544692993,68.6480102539,29.6698551178,29.9228725433,35.110004425,34.4412765503
449,241.5557098385,67.944896698,29.91029930115,34.7484378815,242.124099731,240.987319946,68.2748947144,67.6148986816,30.396062851,29.4245357513,34.7127685547,34.7841072083
450,239.961898804,66.9489898682,29.5474510193,34.37301635745,240.135879517,239.787918091,66.6454162598,67.2525634766,28.9913749695,30.1035270691,33.8531227112,34.8929100037
451,238.6095581055,66.34595489505,29.01754951475,34.23316574095,238.827682495,238.391433716,66.153755188,66.5381546021,29.1940975189,28.8410015106,34.2272644043,34.2390670776
452,237.289039612,67.2484550476,29.0013837814,34.41715431215,237.528717041,237.049362183,67.626701355,66.8702087402,28.8445949554,29.1581726074,34.6932678223,34.141040802
453,235.2264022825,66.7850189209,29.15945625305,34.164648056,235.021118164,235.431686401,67.3115844727,66.2584533691,29.1237869263,29.1951255798,34.0697021484,34.2595939636
454,234.0167388915,66.64002990725,29.2025671005,33.6324386597,234.543823242,233.489654541,66.6890411377,66.5910186768,29.5133228302,28.8918113708,33.8864822388,33.3783950806
455,231.6412963865,66.54200363155,28.49124145505,33.3994369507,231.537368774,231.745223999,66.416519165,66.6674880981,28.5202388763,28.4622440338,33.416885376,33.3819885254
456,230.4198303225,65.24560546875,29.15534973145,33.05018997195,230.561737061,230.277923584,65.1319274902,65.3592834473,29.4235076904,28.8871917725,32.8574752808,33.2429046631
457,228.780593872,64.90996170045,28.8864221573,32.8715877533,228.708999634,228.85218811,64.8091125488,65.0108108521,28.8363838196,28.936460495,32.9436950684,32.7994804382
458,227.5314102175,65.03467559815,28.29519081115,32.35554313655,227.263763428,227.799057007,65.8483886719,64.2209625244,27.9967517853,28.593629837,32.2149200439,32.4961662292
459,226.0202331545,65.1170463562,28.16021347045,32.5061740875,225.746688843,226.293777466,65.2058334351,65.0282592773,28.1173591614,28.2030677795,32.4859008789,32.5264472961
460,223.7371673585,64.6936378479,28.0478181839,32.22775268555,223.540863037,223.93347168,64.8337478638,64.553527832,27.8997535706,28.1958827972,32.1656532288,32.2898521423
461,222.526222229,62.91404151915,28.36190986635,31.9808921814,222.66633606,222.386108398,64.2173690796,61.6107139587,28.7111568451,28.0126628876,31.9932098389,31.9685745239
462,220.9557571415,64.57200622555,28.48431301115,32.0255422592,221.307312012,220.604202271,64.3872451782,64.7567672729,28.6675338745,28.3010921478,32.118434906,31.9326496124
463,220.442024231,62.83577537535,27.8394498825,31.5472202301,220.202346802,220.68170166,63.3690109253,62.3025398254,28.3857746124,27.2931251526,31.5405483246,31.5538921356
464,218.884399414,63.35515594485,27.24924468995,31.5118074417,219.357070923,218.411727905,63.6687355042,63.0415763855,27.3598442078,27.1386451721,31.5374679565,31.4861469269
465,217.386817932,63.2348060608,27.0837316513,31.8859462738,216.9659729,217.807662964,62.8942832947,63.5753288269,26.809671402,27.3577919006,31.4486808777,32.3232116699
466,215.486869812,62.75365829465,27.23949337005,31.0291223526,215.82611084,215.147628784,63.3613128662,62.1460037231,27.1930465698,27.2859401703,30.8949146271,31.1633300781
467,213.0642089845,63.6733531952,27.1904811859,31.2020778656,212.976699829,213.15171814,63.9340705872,63.4126358032,26.9287376404,27.4522247314,31.3475761414,31.0565795898
468,211.1853027345,63.7082519531,27.52946376805,30.95958042145,211.152709961,211.217895508,63.7564964294,63.6600074768,27.611322403,27.4476051331,30.8672008514,31.0519599915
469,210.1016387935,61.765707016,26.8902463913,31.3773431778,210.039535522,210.163742065,61.5906982422,61.9407157898,26.8307132721,26.9497795105,32.1153564453,30.6393299103
470,208.72492218,61.6317577362,26.78272628785,30.91467380525,208.764694214,208.685150146,62.7115745544,60.551940918,26.6187515259,26.9467010498,31.1571712494,30.6721763611
471,207.8267822265,62.1968135834,26.80530834195,30.26031684875,207.855773926,207.797790527,62.2106704712,62.1829566956,27.1637935638,26.4468231201,30.0948028564,30.4258308411
472,205.2819747925,61.3002166748,26.6752061844,30.54464149475,205.551422119,205.012527466,61.4511032104,61.1493301392,27.3013362885,26.0490760803,31.2628955841,29.8263874054
473,204.0651245115,60.1731815338,26.4442577362,30.1122512817,204.491104126,203.639144897,60.811630249,59.5347328186,27.0057220459,25.8827934265,30.1784572601,30.0460453033
474,202.420249939,59.88654899595,25.8335237503,30.0285959244,202.453613281,202.386886597,59.9165725708,59.8565254211,25.86277771,25.8042697906,29.950586319,30.1066055298
475,201.786933899,59.8488254547,25.77116680145,29.81715011595,200.902145386,202.671722412,59.7985305786,59.8991203308,25.8052959442,25.7370376587,29.7494049072,29.8848953247
476,199.158981323,59.19908714295,25.5563840866,29.3385696411,198.951385498,199.366577148,59.2960853577,59.1020889282,25.2905349731,25.8222332001,29.3008480072,29.376291275
477,198.172569275,58.19984436035,25.75654029845,29.3855295181,198.629592896,197.715545654,58.5549926758,57.8446960449,25.3854808807,26.1275997162,29.3685932159,29.4024658203
478,196.019607544,58.7392406464,25.39009952545,29.2223262787,195.951095581,196.088119507,59.363319397,58.1151618958,25.6698055267,25.1103935242,29.5938987732,28.8507537842
479,194.8841018675,59.5511569977,25.1373386383,28.92440032955,194.461715698,195.306488037,58.6176071167,60.4847068787,24.8229904175,25.4516868591,29.0196037292,28.8291969299
480,193.5733337405,58.03125,25.301568985,28.6108217239,193.53843689,193.608230591,57.8241653442,58.2383346558,25.1714668274,25.4316711426,28.8045635223,28.4170799255
481,191.8961257935,56.80054473875,24.6112861633,28.9002790451,191.75088501,192.041366577,57.1420936584,56.4589958191,24.5520095825,24.6705627441,29.0586071014,28.7419509888
482,190.3667297365,58.00481987,25.33569812775,28.4437675476,190.493499756,190.239959717,57.7169036865,58.2927360535,25.4886379242,25.1827583313,28.5992736816,28.2882614136
483,189.297172546,56.47593307495,24.60820674895,28.3323993683,189.34336853,189.250976562,56.7099609375,56.2419052124,24.4432067871,24.7732067108,28.2441253662,28.4206733704
484,188.129852295,56.14772605895,24.5617599487,27.95646476745,188.338470459,187.921234131,56.7520446777,55.5434074402,24.3539047241,24.7696151733,27.576423645,28.3365058899
485,187.5209121705,55.14386749265,24.4249868393,28.12274837495,187.243774414,187.798049927,54.692489624,55.5952453613,24.5602207184,24.2897529602,28.3431777954,27.9023189545
486,185.513961792,55.60730552675,24.07881832125,27.73321247105,185.394638062,185.633285522,55.6347618103,55.5798492432,24.1445102692,24.0131263733,27.6513538361,27.815071106
487,184.4759750365,55.676076889,24.2402267456,27.12530231475,184.355880737,184.596069336,55.5105628967,55.8415908813,23.973608017,24.5068454742,27.0252246857,27.2253799438
488,184.2714538575,55.421005249,23.70852947235,27.61671161655,184.637634277,183.905273438,55.3601875305,55.4818229675,23.8889274597,23.528131485,27.6323642731,27.60105896
489,182.161598206,54.54852867125,24.51018047335,27.0983581543,182.026367188,182.296829224,55.0471229553,54.0499343872,24.7737197876,24.2466411591,27.2648983002,26.9318180084
490,182.3907470705,52.74378585815,23.32284259795,27.02907276155,182.248580933,182.532913208,52.9213600159,52.5662117004,23.3526096344,23.2930755615,27.1027202606,26.9554252625
491,179.1861953735,52.48281288145,23.686460495,26.6503152847,179.084579468,179.287811279,52.154094696,52.8115310669,23.6538715363,23.7190494537,26.7804164886,26.5202140808
492,177.919303894,53.6547527313,23.99105739595,26.7142114639,177.953948975,177.884658813,53.3678627014,53.9416427612,23.9330635071,24.0490512848,26.203042984,27.2253799438
493,176.7889404295,52.53131103515,23.4780921936,26.68495845795,176.765335083,176.812545776,52.6945152283,52.368106842,23.3787841797,23.5774002075,26.7768249512,26.5930919647
494,176.639076233,52.96908950805,23.7577991486,26.21818351745,176.81048584,176.467666626,52.7545623779,53.1836166382,23.423948288,24.0916500092,26.1804618835,26.2559051514
495,175.4727783205,51.97857284545,23.4044456482,26.7293510437,175.884643555,175.060913086,52.2716217041,51.6855239868,23.7370128632,23.0718784332,26.4904460907,26.9682559967
496,175.609046936,52.4610004425,23.59587669375,26.13965988155,175.276992798,175.941101074,52.3722114563,52.5497894287,24.158367157,23.0333862305,25.8545646667,26.4247550964
497,174.336769104,52.1222743988,22.75675964355,26.1299085617,174.430175781,174.243362427,52.6678276062,51.5767211914,22.6469306946,22.8665885925,25.9269294739,26.3328876495
498,173.4304122925,52.06017303465,23.06700229645,25.47683429715,173.028564453,173.832260132,52.0545272827,52.0658187866,22.8322029114,23.3018016815,25.3885593414,25.5651092529
499,172.182518005,52.38632774355,22.51015663145,25.75448703765,171.857910156,172.507125854,52.3275642395,52.4450912476,22.5940685272,22.4262447357,25.7231807709,25.7857933044
