"frame","meanBase","meanPPAO","meanPPDP","meanComb","rawBase2","rawBase3","rawBase4","rawBase5","rawBase6","rawPPAO2","rawPPAO3","rawPPAO4","rawPPAO5","rawPPAO6","rawPPDP2","rawPPDP3","rawPPDP4","rawPPDP5","rawPPDP6","rawComb2","rawComb3","rawComb4","rawComb5","rawComb6"
0,17.4169073105,11.6288236618,6.426733398438,5.869172286988,19.9277801514,16.5215454102,16.8751525879,15.9862585068,17.7737998962,11.5340833664,11.5022640228,11.929775238,11.8363695145,11.3416261673,6.44654369354,6.52660560608,6.24125623703,6.33671474457,6.58254671097,6.15298223495,5.97900104523,5.7988615036,5.65259408951,5.76242256165
1,17.86063613892,11.5136571884,6.603280735016,5.96411781311,20.1582145691,17.7589168549,17.1707668304,17.0321979523,17.1830844879,11.6854829788,11.3329019547,11.7547674179,11.3975667953,11.3975667953,6.565097332,6.62411737442,6.53892326355,6.50710344315,6.78116226196,5.87327814102,5.89175367355,5.86096096039,5.81374454498,6.38085174561
2,18.43585243226,12.11196784974,6.676978874206,6.24300107956,20.0083560944,18.8407821655,18.5241260529,17.0460548401,17.7599430084,11.9395265579,12.962884903,12.0780954361,12.0000858307,11.579246521,6.6092338562,6.65952968597,6.62822294235,6.82273292542,6.66517496109,6.09036970139,6.36391544342,6.55842542648,6.03853464127,6.16376018524
3,19.62847099304,13.6964799881,6.780341243744,6.281800365446,21.5233783722,20.2023525238,18.0493984222,19.9626789093,18.4045467377,13.3873167038,13.2256526947,14.2474718094,13.4016876221,14.2202711105,6.95155096054,6.85814523697,6.64926528931,6.67646551132,6.76627922058,6.65029144287,6.0518784523,6.19403982162,6.22226715088,6.29052495956
4,19.41096839906,14.13918304442,6.968384552002,6.378901290892,20.8957099915,19.2657279968,19.1363964081,18.9978275299,18.759180069,14.2490119934,13.6511116028,14.2413139343,14.3301000595,14.2243776321,6.87610769272,7.14452123642,6.77756977081,7.05265522003,6.99106884003,6.2802605629,6.22637271881,6.24946737289,6.58408641815,6.55431938171
5,21.33389739988,14.41745033264,7.229305171966,6.55308790207,22.1428337097,21.2056941986,22.4800186157,20.263425827,20.5775146484,14.600566864,13.8533201218,13.8138017654,15.065030098,14.754532814,7.02545452118,7.21996450424,7.21637201309,7.49248409271,7.19225072861,6.60461521149,6.76114702225,6.81041574478,6.30746126175,6.28180027008
6,21.97788391114,14.22232437134,7.333693981172,6.799638271334,23.0358333588,21.7142944336,21.135383606,22.2423973083,21.761510849,14.3762903214,13.7178297043,14.3706445694,14.4625110626,14.184346199,7.3015666008,7.31439685822,7.5391869545,7.17480134964,7.3385181427,6.92178440094,6.64105367661,6.69391536713,7.00646543503,6.73497247696
7,22.1425251007,15.74535331726,7.40256795883,6.845930671692,22.9167671204,22.0006713867,21.5254306793,21.5942020416,22.6755542755,16.781747818,16.4650917053,15.1897420883,15.0090894699,15.2810955048,7.24305963516,7.67724275589,7.48889160156,7.38727378845,7.21637201309,6.871489048,6.85096025467,6.80784988403,6.90946722031,6.78988695145
8,23.6071495056,16.64687347412,7.60426311493,7.063330173494,23.3827705383,23.7353515625,24.1336097717,23.7825679779,23.0014476776,17.1086673737,17.028093338,16.4748420715,15.8189487457,16.8038158417,7.49710273743,7.43910932541,7.65260839462,7.89022874832,7.54226636887,6.98029136658,7.03674554825,6.94385290146,7.05162858963,7.30413246155
9,24.48660125734,18.65201988218,7.885712242126,7.379575634002,24.3984298706,23.9934997559,24.0027389526,24.6006393433,25.4376983643,19.3452758789,18.7386512756,19.3155097961,17.1214981079,18.7391643524,7.89997959137,7.68237495422,7.85584306717,7.92871999741,8.06164360046,7.20764732361,7.3990778923,7.52225065231,7.50428771973,7.26461458206
10,25.1472164154,18.4507358551,7.999852085114,7.488583469392,24.5765171051,24.7951488495,24.9362831116,25.3694400787,26.0586929321,18.1140632629,18.2608451843,19.1245918274,18.6657752991,18.0884037018,7.91794252396,8.12117671967,7.97952890396,7.97644948959,8.00416278839,7.50890684128,7.63259267807,7.44937372208,7.40831613541,7.44372797012
11,26.9433807373,18.19289398192,8.26446800232,7.755970573426,26.3902339935,25.5788345337,25.5326442719,29.3391895294,27.876001358,18.0011558533,18.0996932983,17.8369255066,18.5272045135,18.4994907379,8.20585823059,8.07652664185,8.21817588806,8.42500305176,8.39677619934,7.53456783295,7.61360359192,8.03239059448,7.61052417755,7.98876667023
12,28.4484462738,19.27547836304,8.47611942291,8.103419685364,28.8783187866,27.6404342651,29.1723937988,28.5164985657,28.0345859528,19.1297245026,18.3845310211,18.8838920593,20.0211849213,19.9580593109,8.70881271362,8.27052402496,8.41165924072,8.53329181671,8.45630931854,7.90254592896,8.01750659943,7.98466110229,8.30285644531,8.30952835083
13,28.56915626524,21.38296089174,8.937914085388,8.418330955506,29.8108386993,27.3083820343,28.5955352783,28.0489578247,29.0820674896,21.2226314545,21.5305633545,21.215959549,21.6029262543,21.3427238464,8.80683803558,8.98543834686,8.76167488098,8.88997936249,9.24563980103,8.69957542419,8.41987037659,8.37522029877,8.29567146301,8.30131721497
14,31.65247192382,22.6163291931,9.282078361514,8.856927871704,32.0510368347,30.8767929077,30.9532623291,32.3302307129,32.0510368347,22.0761146545,23.6588821411,22.117685318,23.4920864105,21.7368774414,9.20252990723,9.12605953217,9.33545303345,9.50430202484,9.24204730988,8.71907711029,8.70983886719,8.96850204468,8.8874130249,8.99980831146
15,33.724029541,21.59902648926,9.466939735414,9.15808467865,34.7941932678,34.2825164795,33.3910522461,32.4251747131,33.7272109985,21.3904533386,21.2339229584,22.645275116,21.309879303,21.4156017303,9.6598072052,9.32775497437,9.70804977417,9.39447307587,9.24461364746,9.06447410583,9.15941905975,9.15326023102,9.53920078278,8.87406921387
16,34.58367156984,24.17918319702,9.590009880066,9.15705833435,32.8680839539,35.6528091431,35.6558876038,34.1634483337,34.5781288147,24.5908870697,23.4058647156,23.4027862549,24.8233757019,24.673002243,9.71728801727,9.569480896,9.67982292175,9.65364933014,9.32980823517,9.45759963989,9.14402294159,9.00134754181,9.20868778229,8.97363376617
17,36.5840965271,26.47265624998,10.31293010712,9.8761806488,35.9561233521,36.5150184631,37.2330093384,36.9204597473,36.2958717346,26.412815094,25.4284610748,25.9873561859,28.0140571594,26.5205917358,10.2823419571,10.0118761063,10.6272258759,10.2931194305,10.3500871658,9.84405326843,9.67212486267,9.76655673981,9.74551486969,10.3526535034
18,39.95317382814,29.1250743866,10.43569221498,9.985291099558,41.1226959229,43.9258995056,39.3064155579,38.3246269226,37.0862312317,29.5829677582,29.5501232147,28.6740570068,28.2501392365,29.5680847168,10.4676141739,10.122218132,10.6380033493,10.6487808228,10.3018445969,10.0072565079,9.90204715729,9.8707408905,10.0000715256,10.1463394165
19,40.07542266848,31.00345611572,10.85098876952,10.40181961062,42.5591964722,38.4180335999,39.8750610352,38.147567749,41.3772544861,30.9106655121,30.8264980316,31.0384578705,30.8788471222,31.3628120422,10.9777536392,10.8155765533,10.8135242462,10.8571472168,10.7909421921,10.3233995438,10.3377695084,10.5630731583,10.2946596146,10.490196228
20,44.66945114136,33.51330184936,11.35979404448,11.02045383454,45.3813896179,44.7321662903,43.6928977966,44.6556968689,44.8851051331,34.0284729004,33.7092475891,33.5173034668,33.2617225647,33.0497627258,11.3739585876,11.5653896332,11.1086244583,11.2856855392,11.4653120041,11.1958723068,11.0388269424,11.0670537949,11.0167589188,10.7837572098
21,45.3394065857,34.90946273802,11.82743949892,11.41091079712,48.7214164734,45.389087677,44.5920562744,44.0998802185,43.8945922852,35.01795578,34.6099472046,34.9024848938,34.9158287048,35.1010971069,12.1658563614,11.9041147232,11.7717037201,11.3970537186,11.8984689713,11.2235860825,11.5725746155,11.7003660202,11.4955921173,11.0624351501
22,47.5174057007,38.00201721192,12.43950443266,11.87650299074,49.3121337891,47.0621795654,45.8725395203,47.9787902832,47.3613853455,38.5766181946,37.9397125244,38.0238800049,37.4182815552,38.0515937805,12.3069915771,12.26541996,12.3075046539,13.1573953629,12.1602106094,11.8635702133,12.2063999176,11.749121666,11.8291845322,11.7342386246
23,48.16488265992,38.66047821046,12.58638763428,12.05982475284,47.1951026917,49.7632522583,47.308013916,47.6970329285,48.8610115051,38.244052887,38.9779548645,38.7890892029,38.4293251038,38.8619689941,12.8315010071,12.9315786362,12.3793554306,12.560008049,12.2294950485,11.825592041,12.1791992188,12.0175352097,12.0668048859,12.2099924088
24,53.80474929808,41.22103042604,13.01502799988,12.7645772934,53.1807785034,55.5261878967,53.3208847046,53.7530174255,53.2428779602,41.3736610413,40.733165741,41.0913925171,41.5532875061,41.3536453247,13.0403814316,12.9695568085,12.8710184097,13.1440515518,13.0501317978,13.0383281708,12.6446895599,12.6385307312,12.7770996094,12.7242383957
25,56.88950271604,44.03911590578,13.66383934022,13.3179298401,54.7589263916,57.591381073,58.2821731567,56.7517547607,57.0632781982,44.4365539551,44.5443267822,43.6282310486,43.7765541077,43.8099136353,13.4725112915,13.8122625351,13.5967102051,13.6726665497,13.7650461197,13.2148752213,13.2107696533,13.3329162598,13.1563682556,13.6747198105
26,61.36425933836,47.46177368166,14.668516922,14.19481582642,61.3686714172,63.7864494324,59.3583946228,61.9711914062,60.3365898132,46.2687454224,48.5489768982,48.2246208191,46.3508605957,47.9156646729,14.6323862076,14.5759325027,14.9644393921,14.8777046204,14.2921218872,14.1838331223,14.7180938721,13.804564476,13.9682807922,14.2993068695
27,64.26712875366,53.20171661378,15.17270336148,14.8247407913,62.4931373596,66.4906005859,61.8603363037,64.7718276978,65.7197418213,52.6326599121,52.715801239,53.6719284058,53.2921447754,53.6960487366,15.1420125961,15.2010326385,15.0922307968,15.428902626,14.99933815,14.7617177963,14.5882492065,14.9690580368,14.8063678741,14.9983110428
28,68.12838134764,53.68804397582,15.74843235014,15.4513813019,71.1988677979,70.054901123,66.9442825317,65.9275970459,66.5162582397,54.303188324,53.5102653503,53.4358482361,53.6873245239,53.5035934448,15.6690883636,16.0806903839,15.4807376862,15.8256206512,15.6860246658,15.6069889069,15.4874095917,15.7814836502,15.2759628296,15.1050615311
29,73.23039398194,58.19913482666,16.88418579102,16.41469306946,74.4295806885,71.7531433105,73.0905914307,74.7878112793,72.0908432007,57.7345695496,58.6634941101,58.6106338501,57.6001052856,58.3868713379,17.1102085114,16.682182312,16.8731002808,17.019367218,16.7360706329,16.6298351288,16.4897251129,16.3665542603,16.2279834747,16.3593673706
30,78.5799850464,65.06528549194,17.57651824952,17.34546699524,78.7806549072,79.4796600342,78.9110107422,78.3947143555,77.3338851929,65.3897399902,66.8334274292,63.8254508972,63.5873184204,65.6904907227,17.5238628387,17.5561943054,17.4863967896,17.442773819,17.8733634949,17.2610931396,17.413520813,17.0470809937,17.4212188721,17.5844211578
31,78.72933044434,64.73087387084,18.14188041688,18.19576835632,78.4224243164,80.7678375244,78.562538147,77.5248031616,78.3690490723,65.4497909546,65.0669326782,63.9552955627,64.299156189,64.8831939697,18.5939235687,17.6280460358,18.0016689301,18.1474227905,18.3383407593,18.1412639618,18.2490406036,18.3912029266,17.6665363312,18.5307979584
32,86.4174545288,71.83084716798,19.24406929016,19.18073806764,87.2446594238,86.9685516357,89.9210968018,83.8004455566,84.1525192261,72.9705047607,73.1773300171,70.9294281006,70.7805938721,71.2963790894,18.9100666046,19.3575935364,19.2641868591,19.2292881012,19.4592113495,19.2416057587,19.1825866699,19.4078884125,18.9182777405,19.1533317566
33,85.64074859618,74.74870147704,20.1416900635,19.5595966339,86.6026229858,84.8171386719,86.133026123,86.1022338867,84.5487213135,74.508102417,74.7518844604,75.6361618042,73.4344482422,75.4129104614,20.1392269135,20.464094162,20.0925235748,19.961139679,20.0514659882,19.6311397552,19.2416057587,19.1897716522,19.7558517456,19.9796142578
34,90.85833740238,80.37522583008,20.89417114258,20.6406410217,92.1433334351,90.0760879517,90.1402435303,90.7694473267,91.1625747681,80.9182128906,80.2669372559,79.8111953735,80.1216964722,80.7580871582,20.782289505,20.6847782135,20.795633316,21.1754150391,21.0327396393,20.5744361877,20.653470993,20.715057373,20.6596298218,20.600610733
35,100.1584823608,87.12744140624,22.2574863434,22.2187892914,99.7672042847,98.6509552002,100.088478088,102.377433777,99.9083404541,86.9336471558,85.9636688232,87.4827957153,87.4987030029,87.758392334,22.5251808167,22.24650383,21.9801425934,22.315788269,22.2198162079,22.4635944366,21.8790378571,22.36967659,22.3825054169,21.9991321564
36,105.9892654418,94.18492126462,23.44712791442,23.29952583312,106.115722656,105.762626648,106.473434448,104.975349426,106.619194031,94.2198181152,93.3078308105,94.1079406738,94.5785598755,94.7104568481,23.1903133392,23.5044021606,23.9067668915,23.4782295227,23.1559276581,23.1985244751,23.4074039459,23.1256465912,23.3211841583,23.4448699951
37,111.4353393554,98.47851104738,24.39986724854,24.07848968504,112.297958374,111.345420837,110.251754761,111.302825928,111.978736877,98.9014053345,98.5775604248,98.6191329956,98.2573165894,98.0371398926,24.4020233154,25.0563774109,24.3173408508,24.0925521851,24.1310424805,24.0458488464,23.8749465942,24.3912448883,24.1536254883,23.926782608
38,119.4268768312,105.5079681398,26.02615585326,26.05243263244,119.120178223,119.552818298,120.882575989,118.78453064,118.794281006,105.241195679,105.273529053,105.997169495,105.56401062,105.463935852,26.4754276276,25.7302341461,25.9734992981,25.9319286346,26.0196895599,26.0438098907,26.383562088,25.965801239,25.7266407013,26.1423492432
39,125.0864517212,114.3389297484,27.20101661684,26.85880241394,124.875930786,125.40146637,126.076347351,124.844619751,124.233894348,114.541755676,114.418067932,113.586654663,115.784767151,113.36340332,26.9758167267,27.2334518433,27.929889679,26.8588027954,27.0071220398,27.2709178925,26.9296264648,26.7535915375,26.6514625549,26.68841362
40,129.7600280764,116.860371399,28.54339179992,28.35114021302,129.792053223,129.045318604,129.989639282,130.099472046,129.873657227,116.199447632,116.938484192,116.529960632,117.246414185,117.387550354,28.2604026794,28.636592865,28.6381320953,28.6181163788,28.5637149811,28.5144462585,28.5211181641,27.9765930176,27.9688949585,28.7746486664
41,141.2173370362,128.6337173462,30.07914886472,29.73488082886,140.382843018,141.559143066,141.177810669,140.763656616,142.203231812,129.003753662,127.913673401,129.215194702,128.382751465,128.653213501,30.1156902313,29.9227199554,30.1110706329,29.862159729,30.384103775,29.6927967072,29.6553325653,29.6722679138,29.8370113373,29.8169956207
42,145.163168335,135.4220703126,31.12231788636,31.0608341217,145.067504883,144.378768921,146.860183716,144.47164917,145.037734985,135.221405029,134.997116089,137.239379883,135.062820435,134.589630127,31.6707439423,30.8372764587,31.0574474335,30.8249588013,31.221162796,31.1164665222,31.2309150696,31.012796402,30.7074317932,31.2365608215
43,154.7351104736,142.963922119,33.03108215332,32.9066772461,154.785812378,154.194076538,154.52355957,154.776062012,155.39604187,142.476257324,142.311523438,141.618164062,145.590988159,142.822677612,32.9825325012,32.5822219849,32.818813324,33.4218482971,33.3499946594,33.0230751038,32.9614906311,32.9142723083,32.8352355957,32.7993125916
44,162.4786621094,150.6917694094,34.48154144286,34.68621292116,161.989364624,162.972686768,162.603164673,162.131515503,162.696578979,150.513778687,151.125030518,150.4896698,151.476577759,149.853790283,34.1167449951,34.5981445312,34.6084098816,34.3646316528,34.7197761536,34.6689682007,34.5663261414,34.2255477905,34.9563713074,35.0138511658
45,172.5467895508,159.8246032714,36.41771087648,36.45394439696,172.502655029,172.478530884,172.168548584,171.921691895,173.662521362,160.368103027,160.420959473,158.720672607,159.985244751,159.628036499,36.0823745728,36.0803222656,36.5186080933,36.7161979675,36.6910514832,36.461643219,36.8809432983,36.0464477539,36.1136817932,36.7670059204
46,184.0297576902,168.9622619628,38.47068939208,38.23820114134,184.587936401,184.392913818,182.618713379,185.053939819,183.495285034,169.03225708,169.030731201,169.607589722,168.433853149,168.706878662,38.3636322021,38.6417961121,38.7336616516,38.2240371704,38.3903198242,37.8586235046,37.9823112488,38.5340194702,38.291267395,38.5247840881
47,189.2744415284,179.3352355958,39.76400146484,39.65478744508,190.62852478,188.865615845,189.455810547,188.887161255,188.535095215,179.965362549,179.127792358,178.872207642,179.466003418,179.244812012,39.7031326294,39.8381118774,40.0387802124,39.4383125305,39.8016700745,39.749835968,39.4567871094,39.4583282471,39.3823699951,40.2266159058
48,198.6179016116,186.073287964,41.31782379148,41.32172393798,198.751235962,197.976791382,199.505661011,199.240844727,197.614974976,185.556884766,186.736785889,185.895095825,185.987472534,186.190200806,41.2674255371,41.6302719116,41.3823852539,40.9692459106,41.3397903442,40.9394798279,41.2756347656,41.0867729187,41.4660415649,41.8406906128
49,205.684927368,197.4792724608,43.3092163086,43.32861557006,206.086166382,206.928863525,205.088470459,203.532897949,206.788238525,196.974472046,196.112258911,196.139465332,197.813064575,200.35710144,43.1766014099,43.080116272,43.3839416504,43.2402381897,43.665184021,43.7601280212,43.0944862366,43.3351860046,43.3126029968,43.1406745911
50,222.1254852296,209.8158233642,45.73848571776,46.00412826538,223.079360962,221.71572876,222.354171753,221.322097778,222.156066895,210.369491577,210.217056274,210.274536133,208.58039856,209.637634277,45.4640159607,45.7314033508,45.5009689331,46.1979179382,45.798122406,46.3251991272,46.2682304382,45.6313247681,45.7955551147,46.0003318787
51,232.1131378174,219.6341156008,47.60567932128,47.96318740844,232.52822876,233.14050293,232.102767944,231.20463562,231.589553833,220.524551392,218.597930908,220.622055054,219.11114502,219.31489563,47.5728340149,47.6359596252,47.6749649048,47.6000328064,47.5446052551,48.1101722717,48.2805633545,47.684715271,47.7534866333,47.9869995117
52,238.1029174804,229.2896087646,49.37957077028,49.6370010376,236.81463623,239.715866089,237.636291504,238.149002075,238.198791504,230.788925171,228.662658691,228.24079895,229.357559204,229.398101807,49.2931442261,49.9911231995,49.1766433716,49.3254776001,49.1114654541,49.3649940491,49.8166275024,49.3188056946,49.6472663879,50.037311554
53,243.6414733886,234.4545471192,51.398777771,51.4870513916,245.024597168,241.477233887,242.969161987,243.886276245,244.850097656,233.18309021,233.916488647,236.438964844,235.058914185,233.67527771,51.4455833435,52.2220840454,51.1125030518,51.4281349182,50.7855834961,50.8682136536,51.7991905212,51.2639045715,51.5030632019,52.0008850098
54,253.0933258056,243.8957214356,53.2091064453,52.9866783142,253.236618042,252.418029785,252.336425781,253.97052002,253.5050354,243.884735107,244.473403931,242.994308472,244.457489014,243.668670654,53.4250679016,53.2002792358,53.0570907593,53.2418518066,53.1212425232,53.4071083069,53.2459564209,52.9246826172,52.8153648376,52.5402793884
55,255.9092559814,247.3167388918,54.69734039304,54.5667755127,256.356994629,254.785507202,256.203033447,255.946411133,256.254333496,247.534240723,247.510635376,246.984069824,247.069259644,247.485488892,54.7322387695,54.5551795959,54.4571533203,54.9154586792,54.8266716003,54.6783485413,54.4838409424,54.5531234741,54.3447570801,54.7738075256
56,269.4116394044,259.4728393554,57.12209396362,57.14816513062,268.509490967,268.64755249,270.509002686,269.954223633,269.437927246,259.446563721,260.082946777,259.569732666,258.657745361,259.607208252,57.8284873962,57.1176795959,56.6480865479,57.0016937256,57.0145225525,57.2706184387,57.0222206116,57.3419570923,56.8887863159,57.2172431946
57,276.1123352052,266.7378723146,58.88551406862,59.00150070188,276.530609131,275.365600586,275.722290039,276.931427002,276.011749268,266.372467041,266.841033936,268.454589844,265.600585938,266.420684814,58.9965744019,58.5398101807,58.8497924805,58.688129425,59.353263855,59.277305603,58.674785614,58.902141571,59.4287033081,58.7245674133
58,281.8643737794,277.219744873,60.63158721924,60.86161346436,280.503417969,283.986633301,280.503936768,283.029998779,281.29788208,277.035614014,277.624267578,276.610137939,277.640686035,277.188018799,60.5023574829,61.1520957947,60.4849090576,60.567024231,60.45154953,60.7199630737,61.1156578064,61.0879440308,60.4387207031,60.9457817078
59,290.6968811036,286.3112182618,62.2514099121,61.81219635006,291.341064453,288.866851807,290.256652832,291.552520752,291.467315674,285.714141846,285.454437256,285.090576172,287.452423096,287.844512939,62.6419677734,62.0055770874,62.2344741821,61.8808670044,62.4941635132,61.6735267639,61.8049087524,61.9054985046,61.8736801147,61.8033676147
60,299.4024108886,293.3840942384,63.95006332398,64.17474975586,301.274414062,296.535888672,297.87487793,297.824066162,303.502807617,294.866882324,293.374450684,293.379577637,292.687255859,292.612304688,64.0964355469,63.5467758179,64.1888122559,63.6740531921,64.2442398071,64.5788574219,63.9824981689,64.0004577637,64.2057495117,64.1061859131
61,304.4852294922,301.1453002932,65.76080017092,65.96403656006,304.485137939,303.635742188,305.152313232,305.480255127,303.672698975,301.340637207,301.80456543,300.492797852,301.143554688,300.944946289,65.6016998291,65.545249939,65.7926177979,65.9147644043,65.9496688843,65.6709899902,65.8567733765,65.8767852783,65.9039916992,66.5116424561
62,310.2982543944,307.664416504,66.85200805664,66.7060470581,310.699707031,311.199554443,310.346069336,309.338134766,309.907806396,308.757171631,306.949615479,308.900848389,306.594451904,307.119995117,66.856010437,66.731300354,66.6240386963,66.7487487793,67.2999420166,67.0330734253,66.7379684448,66.3705062866,66.6845932007,66.7040939331
63,315.3652648928,308.7005981448,68.43138732912,68.58350524904,314.841369629,315.487518311,315.076416016,314.313781738,317.10723877,308.688903809,308.684783936,308.640136719,308.57598877,308.91317749,68.1113433838,68.6892318726,68.4192733765,68.2150115967,68.722076416,68.3043136597,68.2473449707,68.9591827393,68.8000869751,68.6065979004
64,318.1566589354,315.5138916016,70.448336792,70.40625305176,317.469573975,317.613250732,319.82421875,318.242462158,317.633789062,315.439788818,314.639160156,315.592193604,315.907836914,315.990478516,70.6050720215,70.2052764893,70.2494125366,71.019241333,70.1626815796,70.3186950684,70.5655593872,70.3007354736,70.1806411743,70.6656341553
65,319.6111267088,318.4955871582,70.9808517456,70.97664489746,320.164489746,319.446472168,319.703094482,319.77444458,318.967132568,318.132629395,317.54397583,318.803405762,319.352050781,318.645874023,71.2029724121,70.9658660889,70.9453353882,70.8822097778,70.907875061,70.6928329468,71.2763671875,70.6558837891,70.6697387695,71.5884017944
66,326.8670104982,325.516229248,72.18527374266,72.53826751708,326.133728027,328.386230469,326.01260376,327.161193848,326.641296387,323.703125,325.932556152,324.879943848,326.106536865,326.958984375,72.0359268188,72.2997207642,72.0934066772,72.284324646,72.2129898071,72.8647766113,72.0410614014,72.4121170044,72.7482757568,72.6251068115
67,327.1125366212,320.9585266114,73.1941619873,73.35818634032,327.182220459,327.01953125,326.965667725,328.357513428,326.037750244,319.472137451,321.647674561,322.230682373,321.140625,320.301513672,72.728263855,73.5365829468,73.0002670288,73.6474380493,73.0582580566,73.3887710571,73.1501312256,73.7095336914,73.7716369629,72.7708587646
68,331.8659729004,325.6694702148,73.53617248536,73.6785369873,332.324188232,331.694976807,332.050628662,331.056518555,332.203552246,325.291534424,326.573028564,325.432678223,324.873779297,326.176330566,73.1660385132,73.7952423096,74.1437225342,73.4960403442,73.0798187256,73.9348373413,73.3292388916,73.5453033447,73.6412811279,73.942024231
69,332.7889404296,327.9742309572,75.68163299562,75.03898010256,336.970855713,332.189208984,330.52532959,331.981842041,332.27746582,327.789886475,327.723693848,327.288970947,328.532501221,328.536102295,75.5981826782,76.3310623169,76.0144042969,75.1752929688,75.2892227173,74.830406189,75.179397583,74.9120101929,75.2045440674,75.0685424805
70,336.9674743652,327.714025879,75.5245880127,75.20782623292,335.439941406,339.391723633,335.159698486,335.368591309,339.477416992,327.489654541,326.83682251,328.600250244,327.2371521,328.40625,75.6140899658,75.3816070557,75.8116836548,75.3497848511,75.4657745361,75.2933273315,75.3015441895,74.5958633423,75.2702331543,75.578163147
71,330.5531616212,331.3647644042,76.4077331543,75.89636383056,330.356506348,329.442962646,332.949279785,330.163513184,329.853546143,331.208953857,332.026519775,331.028289795,331.205871582,331.354187012,76.2566452026,76.1473236084,76.2781982422,76.7416305542,76.6148681641,76.314125061,75.7074966431,75.7814025879,76.0585403442,75.6202545166
72,332.9012329102,330.6644226072,77.05459594728,76.99752807618,334.727050781,332.308258057,332.407836914,332.365234375,332.697784424,330.241027832,330.467346191,330.955932617,331.384979248,330.272827148,77.3164367676,77.1224441528,76.9741210938,77.0341720581,76.8258056641,76.5604705811,77.0418701172,77.6110305786,76.9197235107,76.8545455933
73,330.3131774902,331.7983276368,76.88030548096,76.8458175659,330.640808105,330.881011963,331.044219971,329.973632812,329.0262146,331.544067383,331.709838867,331.748352051,332.379608154,331.609771729,76.4331893921,77.4498748779,76.7144317627,76.6379623413,77.1660690308,76.5512313843,76.918182373,77.0793304443,77.0002975464,76.6800460815
74,332.1921691894,334.0894470214,77.00306854248,76.7266479492,332.374969482,332.041381836,331.811981201,332.459136963,332.273376465,334.38269043,332.787109375,334.728088379,334.198974609,334.350372314,77.3636550903,76.6456604004,76.7252120972,77.1301422119,77.1506729126,76.5738143921,76.9320373535,76.6353988647,76.6990356445,76.7929534912
75,332.5417724612,334.040386963,77.0242111206,77.03027038574,332.877929688,332.863555908,332.476593018,331.717041016,332.773742676,333.670349121,334.555145264,332.674713135,334.625457764,334.676269531,76.314125061,77.0392990112,77.0126113892,77.4211349487,77.3338851929,77.4683532715,77.1773605347,77.486831665,76.6713256836,76.3474807739
76,330.4231018068,331.5978698732,76.64679107666,76.84561157228,329.846862793,330.034179688,331.191497803,330.586914062,330.456054688,331.818664551,330.799926758,332.268218994,331.261810303,331.84072876,76.8632659912,76.7195663452,76.8766098022,76.6051177979,76.1693954468,76.8263168335,76.4644927979,76.9263916016,77.0290374756,76.9818191528
77,334.2426940918,331.1106140136,77.00542907714,76.94702453614,334.796875,334.723480225,331.899749756,335.007293701,334.786071777,331.098083496,331.003143311,331.711914062,331.318786621,330.421142578,77.1085891724,77.0747146606,77.5520095825,76.4203567505,76.8714752197,76.5425033569,76.8545455933,76.8817443848,77.1019134521,77.3544158936
78,331.391546631,332.0547363282,76.29811096192,76.07691192628,330.873291016,333.166870117,329.063171387,332.969818115,330.88458252,331.559997559,332.237426758,332.438110352,332.460693359,331.577453613,76.498878479,76.1976242065,75.8496627808,76.3885421753,76.555847168,76.2083969116,76.0847167969,76.038520813,76.0364685059,76.016456604
79,337.7553649904,328.2481994628,76.07475891112,75.66161499024,339.612915039,335.113006592,338.915435791,340.129211426,335.006256104,327.605651855,329.273101807,328.674163818,327.93359375,327.754486084,75.840423584,75.783454895,75.672088623,76.579460144,76.4983673096,75.4590988159,76.0364685059,75.648475647,75.7788391113,75.3851928711
80,332.9466064452,327.8863647462,75.45222473144,75.49820709228,332.510467529,332.459136963,332.179443359,335.394775391,332.189208984,327.149383545,328.993377686,327.715454102,327.716491699,327.857116699,75.0670013428,75.4714202881,75.4339523315,75.3682632446,75.9204864502,75.2686920166,75.8527374268,75.4945144653,75.2692108154,75.6058807373
81,334.1922912596,325.793572998,73.83917541504,73.49870758056,337.612884521,331.997253418,333.998291016,332.362670898,334.990356445,325.899200439,326.276397705,325.729827881,325.46963501,325.592803955,73.9060974121,73.9071273804,73.7531585693,73.7742004395,73.8552932739,73.673614502,73.5021972656,73.3405303955,73.2691955566,73.7080001831
82,326.0695800778,319.3964965818,73.1854370117,73.01864013672,325.798095703,326.96206665,325.580993652,326.745483398,325.261260986,320.266601562,320.618164062,319.217071533,318.449310303,318.431335449,73.4139251709,72.9864120483,73.1193313599,73.4098129272,72.9977035522,72.4957733154,73.0823822021,73.2902374268,73.373374939,72.8514328003
83,327.0234436034,325.4074218752,72.3452987671,72.29058685302,326.332336426,327.622070312,327.178649902,327.677490234,326.306671143,325.171447754,326.568939209,325.291534424,324.600219727,325.404968262,72.286895752,72.3536148071,72.5101470947,72.4388046265,72.1370315552,72.8729858398,72.5917434692,71.693611145,72.1560211182,72.1385726929
84,319.552923584,318.0954833986,70.64223175052,70.7179824829,319.81036377,319.532196045,318.638153076,320.042327881,319.741577148,317.382843018,320.021789551,316.894744873,317.641998291,318.53604126,70.1801300049,70.829864502,71.1660232544,70.7708435059,70.2642974854,71.1742324829,70.4793395996,70.5660705566,70.6717910767,70.6984786987
85,318.2508911136,315.4723205566,70.02780609132,70.11618347166,317.766204834,317.730285645,317.498291016,320.58480835,317.674865723,314.628387451,314.68637085,315.9453125,316.101837158,315.999694824,70.2150268555,70.1703796387,69.5791473389,70.5193710327,69.6551055908,70.0692749023,70.4824142456,70.0723571777,70.1098175049,69.8470535278
86,316.3114318848,309.4456909178,68.6226119995,68.85273895266,316.072570801,316.351776123,316.51550293,316.27734375,316.33996582,309.674285889,310.091003418,309.173370361,308.60369873,309.686096191,68.5675964355,68.3279190063,68.7066802979,68.6117324829,68.8991317749,68.8991317749,68.8606414795,69.1973190308,68.749786377,68.5568161011
87,310.3995605466,307.8008239746,66.93155670166,67.03994750976,310.630401611,309.715332031,311.107177734,310.249603271,310.295288086,308.808990479,306.672973633,306.202880859,308.622680664,308.696594238,66.8708953857,66.9422302246,67.1074905396,66.3125076294,67.424659729,66.9437713623,67.0494918823,66.9324798584,66.9771270752,67.2968673706
88,304.7955200194,301.2380859374,65.9779953003,66.19324035646,302.661132812,305.454071045,304.193115234,307.951416016,303.71786499,301.293914795,301.04296875,301.210784912,301.796356201,300.846405029,66.0107421875,65.6114578247,66.2221832275,65.9701919556,66.0754013062,65.8814086914,66.2688903809,65.9512023926,66.6014556885,66.2632446289
89,299.491607666,293.459539795,63.79660949708,64.00466842652,301.74710083,298.341369629,299.622375488,298.525115967,299.222076416,294.37677002,292.789367676,292.062133789,293.880493164,294.188934326,63.9034614563,63.3948631287,64.2488555908,63.3748474121,64.0610198975,64.0302276611,64.4587631226,63.6273498535,63.607334137,64.2996673584
90,290.3472778322,285.9049560546,61.968523407,61.9583618164,289.747528076,290.54095459,290.295654297,290.194030762,290.958221436,284.872467041,287.694152832,284.769805908,287.039276123,285.149078369,62.2293395996,61.7304916382,62.1200256348,61.6278495789,62.1349105835,62.1426086426,62.214969635,61.8315963745,61.8208198547,61.7818145752
91,277.9266601562,274.4591430664,60.47269515988,60.40823516846,278.857025146,277.656616211,276.618865967,278.168792725,278.332000732,274.808227539,274.136444092,273.780761719,274.968353271,274.601928711,60.5151901245,60.5603523254,60.4597625732,60.432559967,60.3956108093,60.5526542664,60.2611465454,60.3437728882,60.1739006042,60.7097015381
92,275.895953369,267.0880859376,58.83152313234,59.0228515625,275.013000488,275.657623291,277.786437988,275.255249023,275.767456055,267.112518311,269.734558105,265.296234131,265.449676514,267.847442627,59.1572113037,58.9570579529,58.856464386,58.629108429,58.5577735901,59.1289863586,58.8718643188,59.0253143311,58.9252357483,59.1628570557
93,269.2681396484,259.7180603028,57.14857559204,57.07210617066,268.090209961,269.757659912,269.699645996,267.737091064,271.056091309,259.614379883,260.732696533,259.001617432,259.102722168,260.138885498,57.0437774658,57.1684875488,57.454864502,56.8041038513,57.2716445923,57.4102134705,57.3958435059,56.6542434692,56.735332489,57.1648979187
94,255.6820037842,247.559487915,54.60208587646,54.77072906496,255.684158325,256.2081604,256.13168335,255.803741455,254.582275391,247.641494751,247.122634888,247.692825317,246.493942261,248.846542358,54.4268722534,54.9785842896,54.2380065918,54.9765319824,54.3904342651,54.1374168396,54.8625946045,55.0632629395,54.7953643799,54.9950065613
95,253.0637634278,244.406274414,53.23630752564,53.19976654052,253.385955811,252.640258789,252.78036499,254.080856323,252.431381226,245.614807129,244.872177124,244.531402588,243.865234375,243.147750854,53.4168586731,53.2048988342,53.149471283,53.2167015076,53.1936073303,53.0211677551,53.2305603027,53.3655357361,52.9205741882,53.4609947205
96,242.98722229,234.638381958,51.38194503786,51.13693389892,242.032531738,242.542678833,244.050506592,242.434890747,243.87550354,234.765350342,233.510528564,234.215698242,234.270614624,236.429718018,51.0632362366,51.904914856,51.4455833435,50.925693512,51.5702972412,50.9775276184,51.3388328552,50.9924125671,50.9847145081,51.3911819458
97,235.866619873,227.8426391602,49.49914932252,49.58280410764,236.898803711,234.312179565,236.02633667,235.621917725,236.473861694,226.828414917,228.074508667,227.867172241,228.57901001,227.864089966,49.2823677063,49.3300933838,49.804309845,49.624168396,49.4548072815,49.635974884,49.2192382812,49.7191162109,49.6878089905,49.6518821716
98,232.9844818114,218.7242828372,47.71191635134,47.86095428464,231.907745361,233.451004028,233.31652832,232.234161377,234.012969971,219.56791687,217.404693604,219.506835938,218.395202637,218.746765137,47.8299560547,47.5215110779,48.1106872559,47.6585426331,47.4388847351,47.7365493774,48.0973434448,48.088104248,47.9053993225,47.4773750305
99,222.0312591552,209.6198822022,45.88608856202,45.75963134766,221.076766968,222.210479736,221.416015625,223.771179199,221.681854248,209.142379761,208.626602173,210.097488403,210.050262451,210.182678223,46.0752601624,45.9628639221,45.3105659485,45.5933494568,46.4884033203,45.5877037048,45.8078727722,45.959274292,45.8776702881,45.5656356812
100,207.4017486572,196.2485748292,43.19333114624,43.12004241944,206.49571228,210.767745972,206.696899414,206.648651123,206.399734497,197.300369263,195.956237793,197.343994141,196.378631592,194.263641357,42.9861946106,43.5281562805,43.1504249573,43.3372383118,42.964641571,42.9826011658,42.9297409058,43.2535820007,43.5112190247,42.9230690002
101,198.2318573,185.698840332,41.29308700562,41.20070571902,197.756103516,197.489227295,199.852096558,196.91545105,199.146408081,185.886367798,186.391891479,185.916656494,185.014923096,185.284362793,41.3074569702,41.5450782776,41.227394104,41.0990905762,41.2864151001,41.422416687,41.0431480408,41.3259315491,41.0605964661,41.1514358521
102,189.5335174562,179.8251586914,39.71442489624,39.56025314332,189.337265015,188.713699341,191.124801636,189.356765747,189.135055542,179.664108276,181.263305664,179.840652466,179.07749939,179.280227661,39.5481414795,39.3510665894,39.8601799011,39.4003334045,40.4124031067,39.5281257629,39.3736457825,39.5815010071,39.560459137,39.7575340271
103,184.2768188478,170.2436676026,38.50938644408,38.19693756102,184.073165894,184.400100708,183.91305542,183.676452637,185.32131958,170.013031006,169.959136963,170.370742798,169.203170776,171.67225647,38.2717666626,38.7080001831,38.4257316589,39.0015640259,38.1398696899,38.0803337097,38.1603965759,38.0403022766,38.7182655334,37.9853897095
104,172.4670318604,160.0473388672,36.48063201904,36.37480697634,171.797485352,173.064620972,172.610427856,172.71307373,172.149551392,160.185913086,158.838195801,158.441482544,161.199508667,161.571594238,36.4944877625,36.584815979,36.358997345,36.6238212585,36.3410377502,36.2040061951,36.1614112854,36.5216903687,36.2455787659,36.7413482666
105,161.9730407716,150.0469604492,34.56971206666,34.45341644288,163.55519104,161.622924805,161.211837769,161.355529785,162.119720459,149.431411743,149.517623901,150.584091187,149.448852539,151.252822876,34.4441795349,34.828578949,34.6104621887,34.7408180237,34.224521637,34.4770240784,34.2317047119,34.4606018066,34.5329666138,34.5647850037
106,154.235443115,143.7183502196,33.05776901248,33.11586456298,154.31211853,153.863052368,153.872802734,154.972122192,154.157119751,141.928649902,144.535293579,145.588928223,143.791641235,142.747238159,33.0620803833,32.8875846863,32.9625167847,32.85679245,33.5198707581,32.9265899658,33.4208183289,33.1082687378,33.0995445251,33.0241012573
107,145.305734253,136.617868042,31.15670318602,31.00694618226,144.685150146,146.346954346,146.82270813,144.423919678,144.249938965,136.658416748,136.761047363,136.723083496,137.0027771,135.944015503,30.8855190277,31.0954246521,31.2806968689,30.9311943054,31.590681076,31.2232170105,30.9157981873,31.1949901581,30.9276027679,30.7731227875
108,141.167449951,128.6518890382,29.96541938782,30.0253631592,141.505249023,141.142410278,140.417221069,141.188598633,141.583770752,128.766647339,129.328109741,128.632171631,128.360687256,128.171829224,29.8416309357,29.8169956207,30.0243377686,30.1259536743,30.0181789398,30.2383499146,29.8293132782,30.2280845642,29.7400131226,30.0910549164
109,129.9880035402,117.529200745,28.39886932372,28.11916503904,129.825408936,130.873413086,129.493362427,130.130783081,129.617050171,117.874084473,116.392417908,117.444007874,118.92515564,117.01033783,28.264509201,28.537027359,28.3404655457,28.3373851776,28.5149593353,28.047416687,28.323015213,28.0186767578,28.0109786987,28.1957378387
110,126.0782989502,113.7957366942,27.297706604,27.20573806764,126.393005371,124.482803345,128.011703491,125.719657898,125.784324646,114.402153015,113.84223175,113.505050659,113.672874451,113.556373596,27.6065616608,26.9255199432,27.0430469513,27.2083034515,27.7051010132,27.2308864594,27.2473087311,27.6430015564,26.8023471832,27.1051464081
111,119.8138458254,105.7000152592,26.13937149048,25.74983825684,120.07989502,119.787879944,119.339324951,120.178947449,119.683181763,105.30381012,106.121879578,105.230422974,106.046440125,105.797523499,26.5472774506,25.8369827271,25.8918972015,26.0438098907,26.3768901825,25.6003894806,25.5988502502,25.9488639832,25.6804504395,25.9206371307
112,111.664440918,99.95278320312,24.13011932374,24.15003242492,112.743431091,111.06212616,111.172470093,112.333885193,111.010292053,100.771575928,99.5978393555,99.6779022217,100.080780029,99.6358184814,24.2947597504,24.1798000336,24.2721786499,24.0068435669,23.8970146179,24.1269378662,23.9067668915,24.4235782623,24.2860355377,24.0068435669
113,105.7157196046,93.61925201414,23.5267791748,23.21176528932,105.517822266,104.933265686,105.378738403,107.216575623,105.532196045,93.1410369873,94.2998809814,92.9814224243,93.0994644165,94.5744552612,23.7184143066,23.5721473694,23.362241745,23.4433307648,23.5377616882,23.1738891602,23.0876693726,23.4751491547,23.2154598236,23.1066589355
114,100.5092163086,86.96444396972,22.3872276306,22.09612998962,100.758743286,100.626335144,99.437713623,100.9532547,100.77003479,86.4573822021,88.7165756226,86.417350769,87.2359390259,85.994972229,22.882894516,22.387638092,22.3234863281,21.9195823669,22.42253685,22.0227394104,21.9606399536,21.9524288177,22.1325683594,22.412273407
115,91.6949874878,79.78974456788,20.8918106079,20.5977355957,91.3401489258,92.0412063599,91.1861801147,92.0468521118,91.8605499268,80.5137939453,80.9803085327,77.9056167603,81.2256317139,78.3233718872,20.824886322,20.7135181427,21.1805477142,20.8484954834,20.8916053772,20.6657886505,20.4579353333,20.8120555878,20.5513401031,20.5015583038
116,86.24727172852,74.85575866698,19.91084327698,19.4981124878,84.4337615967,86.141242981,87.1379089355,86.8140716553,86.7093734741,75.2651062012,75.4673080444,75.0634078979,75.0598144531,73.4231567383,20.4758968353,19.7779197693,19.6521816254,19.7240314484,19.9241867065,19.7081222534,19.187204361,19.8338603973,19.5936737061,19.1677017212
117,84.90828247068,71.57885742188,19.1278766632,18.96097831726,84.4260635376,86.0883789062,83.8553619385,84.4635238647,85.7080841064,73.0736618042,71.3107528687,70.888885498,71.0366897583,71.5842971802,19.2185115814,19.2554626465,18.9434261322,18.9506111145,19.2713718414,19.0101451874,19.3478431702,18.9388065338,18.7289009094,18.7791957855
118,80.32913665774,65.07360076904,18.42466392518,18.20449333188,80.1124572754,80.0323944092,81.0418930054,79.1055221558,81.3534164429,65.6340332031,64.1241455078,65.31224823,65.0679550171,65.2296218872,18.759180069,17.907749176,18.244934082,17.9985904694,19.2128658295,18.2942047119,18.6370334625,17.9159622192,18.448682785,17.7265834808
119,79.72087097168,65.57245025634,17.43476715088,17.33407363892,80.3459701538,77.9825973511,81.9610748291,78.1945571899,80.1201553345,64.5526809692,66.075920105,65.3743438721,65.3307266235,66.5285797119,17.3421821594,17.3883724213,17.4422607422,17.4812641144,17.5197563171,17.6239395142,16.9233951569,17.4304561615,17.3868331909,17.3057441711
120,73.74833526612,58.69059371946,16.602633667,16.40699520108,72.5650558472,73.4072494507,77.1209030151,73.2255706787,72.4228973389,58.6814575195,59.5036354065,57.9880981445,58.4612884521,58.8184890747,16.6190567017,17.0742816925,16.5359153748,16.211561203,16.572353363,16.6857757568,16.7802085876,15.9739408493,16.1535682678,16.4414825439
121,66.4367111206,53.435231781,15.81186618806,15.65933761596,66.6563644409,66.089263916,65.753616333,66.3874435425,67.2968673706,53.4958953857,53.2788009644,53.5913543701,53.5544013977,53.2557067871,15.9647026062,15.8153562546,15.7188711166,15.7470979691,15.8133029938,15.8851537704,15.7532567978,15.7558231354,15.4422454834,15.4602088928
122,64.54765319824,53.01141510008,15.31814956664,14.81560554504,64.8252029419,65.190612793,64.3807525635,64.7410354614,63.6006622314,53.2921447754,53.0627365112,53.0981483459,52.9000473022,52.7039985657,15.4833030701,15.525387764,15.1938476562,15.0850458145,15.3031635284,14.8694934845,14.4845790863,14.972650528,14.9516086578,14.7996959686
123,60.23630752564,47.85541229248,14.62828063966,14.16248302458,60.6019248962,60.2046928406,58.9406356812,61.3625144958,60.0717697144,48.5910606384,47.4127082825,48.1430206299,47.91771698,47.2125549316,14.6133975983,14.0945329666,14.7981557846,14.6462430954,14.9890737534,14.0514221191,14.1514997482,14.0149841309,14.3552484512,14.2392606735
124,56.22498703004,43.97424468994,13.67205085754,13.4449005127,59.0781784058,55.2762489319,54.9560012817,55.2783050537,56.5362014771,44.7819480896,43.6985435486,43.4973602295,44.2210006714,43.6723709106,13.7234754562,13.8358707428,13.6690740585,13.6726665497,13.4591674805,13.6223716736,13.2030715942,13.5202407837,13.1122322083,13.7665863037
125,53.15408935548,41.48379745482,13.1741258621,13.01246185304,53.0955810547,56.5243988037,51.4594421387,53.13048172,51.5605430603,41.583568573,41.9181861877,41.1026802063,41.8468475342,40.9677047729,13.1589345932,13.0896501541,13.3098211288,13.1969127655,13.1153106689,13.0983743668,12.7108945847,13.3180322647,12.9243936539,13.0106143951
126,48.3100204468,38.29855651854,12.56914348602,12.15199890134,47.8407325745,47.2838897705,47.6826629639,47.4748077393,51.2680091858,38.1922187805,37.7698364258,38.1511611938,38.7254524231,38.6541137695,12.5795106888,12.9736623764,12.5769443512,12.5738649368,12.1417350769,12.3223876953,12.0519208908,11.9826364517,12.0981111526,12.3049383163
127,47.87727584838,37.38030471802,12.26880779266,11.91622600556,46.7090873718,49.9885559082,46.440158844,48.0855407715,48.1630363464,37.2340354919,36.9897460938,38.166557312,37.0241317749,37.4870529175,12.0765562057,12.070397377,12.351641655,12.4778928757,12.3675508499,12.0308790207,11.6172246933,12.1237716675,11.978017807,11.8312368393
128,45.43219680788,34.8955039978,11.49897918702,11.38802108764,45.3023529053,47.0965652466,44.2399902344,43.5255889893,46.9964866638,34.9661216736,34.9763870239,35.3279418945,34.6273994446,34.5796699524,11.3729324341,11.3303356171,11.8445806503,11.517660141,11.4293870926,11.1922798157,11.517660141,11.1773958206,11.3837099075,11.6690597534
129,43.93698425294,34.13665771484,11.2673122406,11.10739307406,43.2679519653,44.5720405579,43.6559448242,44.4796638489,43.7093200684,33.453666687,34.4826698303,33.720539093,34.6756401062,34.3507728577,11.2954368591,11.076292038,11.346244812,11.2749080658,11.3436794281,10.9146280289,10.6605844498,11.4606933594,11.2425746918,11.2584848404
130,39.97524261474,31.18698310854,10.69651012422,10.38139362336,41.7164916992,39.1103668213,40.6238479614,39.8452949524,38.5802116394,31.3315048218,31.2704334259,31.2406654358,30.9440250397,31.1482868195,10.600025177,10.6220932007,10.6390295029,10.6595582962,10.9618444443,10.427069664,10.2982521057,10.4629955292,10.3526535034,10.3659973145
131,41.24997558594,29.31034660338,10.38898906706,10.070280075072,42.062915802,39.6471939087,39.4049530029,42.5001754761,42.63463974,28.4600448608,29.6399364471,29.7246170044,29.7205104828,29.0066242218,10.1740531921,10.274643898,10.4157791138,10.4024353027,10.6780338287,9.92360210419,9.8902425766,10.5091848373,9.91898345947,10.1093873978
132,36.7382675171,27.2530570984,10.4680250168,9.900918197634,36.2389068604,36.4390602112,38.0372238159,36.2707252502,36.7054214478,27.534198761,26.9783821106,27.6938095093,27.4253959656,26.6334991455,10.5173969269,10.3690767288,10.6549396515,10.5374116898,10.261300087,9.94259166718,9.85380458832,9.94926357269,9.8235244751,9.93540668488
133,34.1525680542,24.6898361206,9.566299057004,9.277972602846,33.5681152344,34.4621429443,34.0300102234,33.3063735962,35.3961982727,25.1774959564,25.0502185822,25.0630493164,24.7895030975,23.3689136505,9.46529769897,9.56691455841,9.47196960449,9.61002540588,9.71728801727,8.99057006836,9.31492424011,9.30517292023,9.12965202332,9.64954376221
134,32.9091407776,21.87688293458,9.416131210328,8.926006889344,33.0266685486,32.6930770874,32.3856582642,32.6479110718,33.792388916,22.1253833771,21.8112926483,22.227514267,22.1931285858,21.0270957947,9.38574886322,9.46940326691,9.32878112793,9.63568592072,9.26103687286,9.07371139526,8.80837726593,9.03675937653,8.72626209259,8.98492431641
135,31.663968277,22.7982143402,9.163730239868,8.774299621584,31.0015048981,32.2481155396,31.178565979,32.2085952759,31.6830596924,21.9914340973,23.4233150482,23.4920864105,23.3617286682,21.7225074768,9.12400722504,9.40525150299,8.95361804962,9.1845664978,9.15120792389,8.75602912903,8.68058586121,8.58256149292,9.1157951355,8.73652648926
136,29.69074440004,21.7501174927,8.964601135252,8.334060668946,28.8434200287,29.2483501434,29.5044460297,29.8231544495,31.0343513489,21.4181671143,21.628074646,21.4325370789,22.6616973877,21.6101112366,9.05882835388,8.96285629272,9.00904560089,8.93565559387,8.8566198349,8.44193935394,8.54817581177,8.27309036255,8.14273262024,8.26436519623
137,28.71162528992,18.88676681518,8.58071346283,8.06215686798,28.8423938751,28.746421814,28.2388477325,29.9201526642,27.8103103638,19.3473300934,18.4964122772,18.3727264404,18.5015449524,19.7158203125,8.61284065247,8.51481628418,8.68161201477,8.48658943176,8.60770893097,7.91281032562,8.2889995575,7.99800443649,7.82607603073,8.28489398956
138,26.7287525177,17.87921447754,8.24168071747,7.656405925752,27.7831096649,26.6473560333,26.3040122986,25.9406528473,26.9686317444,18.0283565521,17.9062099457,17.7968940735,17.9698486328,17.6947631836,8.45425605774,8.25410079956,8.0965423584,8.06934165955,8.3341627121,7.86354112625,7.52789592743,7.72086620331,7.62797355652,7.54175281525
139,25.60408439634,18.41696624756,8.027873992918,7.459637832642,26.3358325958,24.2809028625,26.1218204498,26.7530784607,24.5287876129,19.0224609375,18.5077037811,18.1782169342,18.9978275299,17.3786220551,8.07960605621,8.00929546356,8.0770406723,8.11604499817,7.85738277435,7.3385181427,7.42781829834,7.24100637436,7.6449098587,7.64593648911
140,24.6781349182,18.14557571412,8.024384021756,7.274057865142,23.4027862549,26.0468902588,24.8110580444,23.7271404266,25.4027996063,18.2628974915,18.4620265961,18.3178119659,16.2716083527,19.4135341644,8.02931118011,7.75319910049,8.30336952209,8.00005722046,8.03598308563,7.28719615936,6.95103788376,7.26461458206,7.36777162552,7.49966907501
141,24.15978317262,16.56865882872,7.673239612578,7.106748580932,24.218290329,24.1305294037,24.7166252136,23.1682453156,24.5652256012,17.1107215881,16.6739711761,15.2903327942,16.9351997375,16.8330688477,7.92923307419,7.48889160156,7.6603064537,7.73010444641,7.55766248703,7.13784980774,7.01980924606,7.09935808182,7.30310630798,6.97361946106
142,21.9299495697,16.22490501406,7.481808948518,6.794403457642,21.6424446106,22.6919765472,21.9893798828,21.2914028168,22.0345439911,15.4324951172,16.8654022217,16.2587776184,16.0247497559,16.5431003571,7.36007356644,7.61565637589,7.43141078949,7.52430343628,7.47760057449,6.94128656387,6.85249996185,6.67851877213,6.63694763184,6.86276435852
143,21.3870662689,14.80421218872,7.42730503082,6.734870052338,22.7725524902,21.7204532623,20.5821342468,20.7165966034,21.1435947418,14.1058235168,15.1096801758,15.2236146927,14.2731332779,15.3088092804,7.41088199615,7.38316822052,7.41806697845,7.45809841156,7.46630954742,6.57382202148,6.70315313339,6.62257766724,6.76730537415,7.00749206543
144,20.87928771972,14.31737270356,7.11567840576,6.498378753662,21.2375144958,21.3180904388,20.9085407257,19.757390976,21.1749019623,14.704750061,13.6777992249,13.6808786392,14.4753417969,15.0480937958,7.21688508987,6.98234415054,7.12399244308,7.13015127182,7.12501907349,6.47631025314,6.68672990799,6.44603061676,6.45629501343,6.42652797699
145,19.43827171324,13.87826232914,6.830431365968,6.409797191618,19.7907505035,20.0725078583,19.3201293945,19.0003929138,19.0075778961,14.2197580338,14.2002563477,13.9575033188,13.3072547913,13.7065391541,6.64515924454,6.74780321121,7.0464963913,6.86943626404,6.84326171875,6.44603061676,6.28333997726,6.26743030548,6.75909376144,6.29309129715
146,19.14748153688,13.3107448578,6.866356754302,6.261682224274,19.0891799927,18.5579986572,19.8138446808,19.2200508118,19.0563335419,12.4599304199,12.3696041107,13.2980165482,13.9841909409,14.4419822693,6.66774082184,6.84480142593,7.29130220413,6.74729013443,6.78064918518,6.12475538254,6.19301366806,6.30848789215,6.37931203842,6.3028421402
147,17.99807624816,13.31680068968,6.64926519394,6.214773941038,17.7019481659,18.1058521271,18.0329761505,18.6272830963,17.522321701,13.7398986816,13.7614536285,13.0111274719,12.1827917099,13.8887319565,6.78116226196,6.64926528931,6.61333990097,6.57074260712,6.63181591034,6.32337093353,6.10884571075,6.30078935623,6.08523750305,6.25562620163
148,17.68922119142,11.58571338654,6.689809417724,5.92716598511,17.8995380402,17.1456203461,18.3486042023,18.1335659027,16.9187774658,11.4899463654,11.5566654205,11.4745502472,11.2338504791,12.1735544205,6.65183115005,6.59640359879,6.57022953033,6.74677658081,6.88380622864,5.99388456345,6.00106954575,5.76755475998,5.96001195908,5.91330909729
149,16.79293556214,11.41696662904,6.456807994842,5.91094827652,17.1625556946,16.8458995819,17.2313270569,16.4933185577,16.2315769196,11.5438346863,11.3498373032,11.2826061249,11.4324655533,11.4760894775,6.25562620163,6.243309021,6.63848733902,6.70725870132,6.43935871124,5.83889245987,6.31259346008,5.88456869125,5.69981002808,5.81887674332
